conflict_id,topic,conflict_type,risk_if_unresolved,g1_resolution,status,w2_owner
CON-001,"Risk vs Risk Register Entry","identity conflation","Record lifecycle could be mistaken for real-world risk identity","Keep risk phenomenon and register information artifact distinct","RESOLVED_FOR_G1_NONCANONICAL","#19/#3/#20"
CON-002,"Scenario description vs possible/realized event","information-object vs perdurant","Narrative text could be modeled as event itself","Keep description, possible-event/type and realized occurrence distinct","RESOLVED_FOR_G1_NONCANONICAL","#19/#20"
CON-003,"Assessment activity vs result","process vs information/measurement result","Likelihood/impact/inherent/residual values could become timeless properties/classes","Keep assessment activity and result separate; results time/context indexed","RESOLVED_FOR_G1_NONCANONICAL","#19/#20"
CON-004,"Inherent vs residual risk","identity/state ambiguity","Creates duplicate risk entities when only assessment context changed","Treat as contextual assessment-result candidates pending W2","RESOLVED_FOR_G1_NONCANONICAL","#19/#20"
CON-005,"Risk state vs workflow state","domain-state vs record/process state","Closing record could imply risk no longer exists","Maintain separate state dimensions","RESOLVED_FOR_G1_NONCANONICAL","#19/#20"
CON-006,"Risk Owner","role vs person/org type","Organizational units could become subclasses of RiskOwner","Model owner as role/responsibility relation; external actor identity preserved","RESOLVED_FOR_G1_NONCANONICAL","#19/#20"
CON-007,"Control/treatment/response","strategy/plan/activity/mechanism overload","One generic Control class would erase operational distinctions","Split strategy, plan, activity and mechanism/control patterns","RESOLVED_FOR_G1_NONCANONICAL","#19/#20/#21"
CON-008,"Evidence/observation/provenance","information/activity/source conflation","Evidence lineage and reassessment cannot be audited","Keep evidence object, observation/result and provenance/source distinct","RESOLVED_FOR_G1_NONCANONICAL","#19/#20"
CON-009,"Causation vs association/dependency","epistemic relation conflation","Empirical association could be represented as causal fact","Keep relation types distinct; preserve causal-claim limitations","RESOLVED_FOR_G1_NONCANONICAL","#20"
CON-010,"Risk taxonomies","source taxonomy vs ontology type","Strategic/financial/operational/Pharma categories could inflate Core subclasses","Keep as profile/mapping vocabularies unless W2 gives identity criteria","RESOLVED_FOR_G1_NONCANONICAL","#19/#3"
CON-011,"Likelihood/impact scales","method values vs domain ontology","1–5 labels could become Core semantics","Keep scales in method profiles; Core only owns generic assessment semantics","RESOLVED_FOR_G1_NONCANONICAL","#7/#19/#20"
CON-012,"Pharma entities","domain ownership","SemRisk could duplicate CM-PharmE ecosystem concepts","External-owner federation/mapping required","RESOLVED_FOR_G1_NONCANONICAL","#5/#21"
CON-013,"Threat vs opportunity","polarity vs risk kind","Could force incompatible positive/negative subclass hierarchy","Treat as polarity/classification candidate pending W2","RESOLVED_FOR_G1_NONCANONICAL","#19/#3"
