candidate_id,raw_id,source_id,normalized_candidate,semantic_kind,scope,reconciliation_cluster,g1_disposition,status
G1R-001,SRC-PH-001-C001,SRC-PH-001,SupplySupplierRiskFamily,RELATION,Pharma/SupplyChain,REC-012,PROFILE_MAPPING_ONLY,PROVISIONAL_NONCANONICAL
G1R-002,SRC-PH-001-C002,SRC-PH-001,OrganizationStrategyRiskFamily,RELATION,Pharma/Enterprise,REC-012,PROFILE_MAPPING_ONLY,PROVISIONAL_NONCANONICAL
G1R-003,SRC-PH-001-C003,SRC-PH-001,FinancialRiskFamily,RELATION,Pharma/Finance,REC-012,PROFILE_MAPPING_ONLY,PROVISIONAL_NONCANONICAL
G1R-004,SRC-PH-001-C004,SRC-PH-001,LogisticsRiskFamily,RELATION,Pharma/SupplyChain,REC-012,PROFILE_MAPPING_ONLY,PROVISIONAL_NONCANONICAL
G1R-005,SRC-PH-001-C005,SRC-PH-001,PoliticalRiskFamily,RELATION,Pharma/Enterprise,REC-012,PROFILE_MAPPING_ONLY,PROVISIONAL_NONCANONICAL
G1R-006,SRC-PH-001-C006,SRC-PH-001,MarketRiskFamily,RELATION,Pharma/Enterprise,REC-012,PROFILE_MAPPING_ONLY,PROVISIONAL_NONCANONICAL
G1R-007,SRC-PH-001-C007,SRC-PH-001,RegulatoryRiskFamily,RELATION,Pharma/Governance,REC-012,PROFILE_MAPPING_ONLY,PROVISIONAL_NONCANONICAL
G1R-008,SRC-PH-001-C014,SRC-PH-001,SupplierGMPCertificationStatus,STATE_OR_CONTEXTUAL_RESULT,Pharma/Governance,PROFILE-OTHER,PROFILE_CANDIDATE,PROVISIONAL_NONCANONICAL
G1R-009,SRC-PH-001-C017,SRC-PH-001,EnvironmentalAssessmentFactor,ACTIVITY_OR_PROCESS,Pharma/Environment,PROFILE,PROFILE_MAPPING_ONLY,PROVISIONAL_NONCANONICAL
G1R-010,SRC-PH-001-C019,SRC-PH-001,InformationSystemDependency,RELATION,Pharma/Architecture,REC-010,PROFILE_RELATION_CANDIDATE,PROVISIONAL_NONCANONICAL
G1R-011,SRC-PH-001-C021,SRC-PH-001,TechnologyDevelopmentFactor,EVENT_OR_SITUATION,Pharma/Architecture,REC-013,PROFILE_CONTEXT_CANDIDATE,PROVISIONAL_NONCANONICAL
G1R-012,SRC-PH-001-C026,SRC-PH-001,SupplierQualityManagementSystem,ACTIVITY_OR_PROCESS,Pharma,REC-013,PROFILE_CONTEXT_CANDIDATE,PROVISIONAL_NONCANONICAL
G1R-013,SRC-PH-001-C027,SRC-PH-001,CustomerServiceDisruption,EVENT_OR_SITUATION,Pharma/Enterprise,REC-002,PROFILE_EVENT_SITUATION_CANDIDATE,PROVISIONAL_NONCANONICAL
G1R-014,SRC-PH-001-C028,SRC-PH-001,InventoryManagementRiskFactor,ACTIVITY_OR_PROCESS,Pharma/SupplyChain,REC-013,PROFILE_CONTEXT_CANDIDATE,PROVISIONAL_NONCANONICAL
G1R-015,SRC-PH-001-C029,SRC-PH-001,PlanningRiskCondition,ACTIVITY_OR_PROCESS,Enterprise/Pharma,PROFILE-OTHER,PROFILE_CANDIDATE,PROVISIONAL_NONCANONICAL
G1R-016,SRC-PH-001-C032,SRC-PH-001,ResearchDevelopmentRiskContext,ACTIVITY_OR_PROCESS,Pharma,REC-013,PROFILE_CONTEXT_CANDIDATE,PROVISIONAL_NONCANONICAL
G1R-017,SRC-PH-001-C034,SRC-PH-001,InformationFlowCondition,RELATION,Enterprise/Architecture,REC-013,PROFILE_CONTEXT_CANDIDATE,PROVISIONAL_NONCANONICAL
G1R-018,SRC-PH-001-C037,SRC-PH-001,WasteManagementRiskContext,ACTIVITY_OR_PROCESS,Pharma/Environment,PROFILE-OTHER,PROFILE_CANDIDATE,PROVISIONAL_NONCANONICAL
G1R-019,SRC-PH-001-C039,SRC-PH-001,MergerAcquisitionRiskContext,EVENT_OR_SITUATION,Enterprise/Pharma,REC-002,PROFILE_EVENT_SITUATION_CANDIDATE,PROVISIONAL_NONCANONICAL
G1R-020,SRC-PH-001-C041,SRC-PH-001,ForeignExchangeRateExposure,EVENT_OR_SITUATION,Finance/Pharma,PROFILE-OTHER,PROFILE_CANDIDATE,PROVISIONAL_NONCANONICAL
G1R-021,SRC-PH-001-C042,SRC-PH-001,TaxChangeRiskCondition,EVENT_OR_SITUATION,Finance/Pharma,REC-002,PROFILE_EVENT_SITUATION_CANDIDATE,PROVISIONAL_NONCANONICAL
G1R-022,SRC-PH-001-C045,SRC-PH-001,TariffPolicyChange,EVENT_OR_SITUATION,Governance/Finance/Pharma,REC-002,PROFILE_EVENT_SITUATION_CANDIDATE,PROVISIONAL_NONCANONICAL
G1R-023,SRC-PH-001-C047,SRC-PH-001,CounterfeitMedicineRiskContext,EVENT_OR_SITUATION,Pharma/SupplyChain,REC-002,PROFILE_EVENT_SITUATION_CANDIDATE,PROVISIONAL_NONCANONICAL
G1R-024,SRC-PH-001-C048,SRC-PH-001,TransportationRiskContext,EVENT_OR_SITUATION,Pharma/SupplyChain,REC-002,PROFILE_EVENT_SITUATION_CANDIDATE,PROVISIONAL_NONCANONICAL
G1R-025,SRC-PH-001-C050,SRC-PH-001,ConsumerPreferenceChange,EVENT_OR_SITUATION,Enterprise/Pharma,PROFILE-OTHER,PROFILE_CANDIDATE,PROVISIONAL_NONCANONICAL
G1R-026,SRC-PH-001-C053,SRC-PH-001,SupplierFailureEvent,EVENT_OR_SITUATION,Pharma/SupplyChain,REC-002,PROFILE_EVENT_SITUATION_CANDIDATE,PROVISIONAL_NONCANONICAL
G1R-027,SRC-PH-001-C055,SRC-PH-001,DemandForecastingDeficiency,ACTIVITY_OR_PROCESS,Pharma/SupplyChain,PROFILE-OTHER,PROFILE_CANDIDATE,PROVISIONAL_NONCANONICAL
G1R-028,SRC-PH-001-C059,SRC-PH-001,ProcessDevelopmentRiskContext,ACTIVITY_OR_PROCESS,Pharma/Architecture,REC-013,PROFILE_CONTEXT_CANDIDATE,PROVISIONAL_NONCANONICAL
G1R-029,SRC-PH-001-C060,SRC-PH-001,CapacityPlanningRiskContext,ACTIVITY_OR_PROCESS,Pharma/SupplyChain,REC-013,PROFILE_CONTEXT_CANDIDATE,PROVISIONAL_NONCANONICAL
G1R-030,SRC-PH-001-C066,SRC-PH-001,RiskImpactOnBusinessProcessCapability,RELATION,Enterprise/Architecture,REC-013,DESIGN_RELATION_CANDIDATE,PROVISIONAL_NONCANONICAL
G1R-031,SRC-PA-001-C001,SRC-PA-001,Governance,ACTIVITY_OR_PROCESS,Governance,PROFILE,PROFILE_MAPPING_ONLY,PROVISIONAL_NONCANONICAL
G1R-032,SRC-PA-001-C002,SRC-PA-001,RiskManagementActivity,ACTIVITY_OR_PROCESS,Enterprise/Governance,PROFILE-OTHER,PROFILE_CANDIDATE,PROVISIONAL_NONCANONICAL
G1R-033,SRC-PA-001-C003,SRC-PA-001,PolicyManagementActivity,ACTIVITY_OR_PROCESS,Governance,PROFILE-OTHER,PROFILE_CANDIDATE,PROVISIONAL_NONCANONICAL
G1R-034,SRC-PA-001-C004,SRC-PA-001,IssueManagementActivity,ACTIVITY_OR_PROCESS,Governance/Enterprise,PROFILE-OTHER,PROFILE_CANDIDATE,PROVISIONAL_NONCANONICAL
G1R-035,SRC-PA-001-C005,SRC-PA-001,AuditManagementActivity,ACTIVITY_OR_PROCESS,Governance,PROFILE-OTHER,PROFILE_CANDIDATE,PROVISIONAL_NONCANONICAL
G1R-036,SRC-PA-001-C006,SRC-PA-001,ReportingActivity,ACTIVITY_OR_PROCESS,Governance/Enterprise,PROFILE-OTHER,PROFILE_CANDIDATE,PROVISIONAL_NONCANONICAL
G1R-037,SRC-PA-001-C008,SRC-PA-001,MonitoringActivity,ACTIVITY_OR_PROCESS,Core/Governance,CORE-OTHER,CORE_CANDIDATE_REQUIRES_W2,PROVISIONAL_NONCANONICAL
G1R-038,SRC-PA-001-C012,SRC-PA-001,InternalControl,ACTIVITY_OR_PROCESS,Core/Governance,REC-008,CORE_TREATMENT_PATTERN_CANDIDATE,PROVISIONAL_NONCANONICAL
G1R-039,SRC-PA-001-C014,SRC-PA-001,BusinessProcess,ACTIVITY_OR_PROCESS,Enterprise/Architecture,REC-013,PROFILE_CONTEXT_CANDIDATE,PROVISIONAL_NONCANONICAL
G1R-040,SRC-PA-001-C016,SRC-PA-001,AuditEvaluatesControl,RELATION,Governance,REC-008,CORE_TREATMENT_PATTERN_CANDIDATE,PROVISIONAL_NONCANONICAL
G1R-041,SRC-PA-001-C017,SRC-PA-001,RiskAffectsOrConcernsProcess,RELATION,Enterprise/Architecture,REC-010,PROFILE_RELATION_CANDIDATE,PROVISIONAL_NONCANONICAL
G1R-042,SRC-PA-001-C018,SRC-PA-001,RiskControlledOrTreatedByControl,RELATION,Core/Governance,REC-008,CORE_TREATMENT_PATTERN_CANDIDATE,PROVISIONAL_NONCANONICAL
G1R-043,SRC-PA-001-C019,SRC-PA-001,ControlImplementsOrSupportsPolicy,RELATION,Governance,REC-008,CORE_TREATMENT_PATTERN_CANDIDATE,PROVISIONAL_NONCANONICAL
G1R-044,SRC-PA-001-C023,SRC-PA-001,Accountability,RELATION,Governance,REC-007,ROLE_OR_RESPONSIBILITY_CANDIDATE,PROVISIONAL_NONCANONICAL
G1R-045,SRC-PA-001-C026,SRC-PA-001,RiskCategorization,ACTIVITY_OR_PROCESS,Enterprise/Governance,REC-012,PROFILE_MAPPING_ONLY,PROVISIONAL_NONCANONICAL
G1R-046,SRC-PA-001-C027,SRC-PA-001,PolicyLifecycle,EVENT_OR_SITUATION,Governance,REC-002,PROFILE_EVENT_SITUATION_CANDIDATE,PROVISIONAL_NONCANONICAL
G1R-047,SRC-OP-001-C028,SRC-OP-001,RiskCategoryTerm,RELATION,Enterprise,REC-012,PROFILE_MAPPING_ONLY,PROVISIONAL_NONCANONICAL
G1R-048,SRC-OP-001-C029,SRC-OP-001,RiskCategoryTerm,RELATION,Enterprise,REC-012,PROFILE_MAPPING_ONLY,PROVISIONAL_NONCANONICAL
G1R-049,SRC-OP-001-C030,SRC-OP-001,RiskCategoryTerm,RELATION,Enterprise,REC-012,PROFILE_MAPPING_ONLY,PROVISIONAL_NONCANONICAL
G1R-050,SRC-OP-001-C031,SRC-OP-001,RiskCategoryTerm,RELATION,Enterprise,REC-012,PROFILE_MAPPING_ONLY,PROVISIONAL_NONCANONICAL
G1R-051,SRC-OP-001-C032,SRC-OP-001,RiskCategoryTerm,RELATION,Enterprise,REC-012,PROFILE_MAPPING_ONLY,PROVISIONAL_NONCANONICAL
G1R-052,SRC-OP-001-C036,SRC-OP-001,RiskTaxonomyParentTerm,RELATION,Enterprise,REC-012,PROFILE_MAPPING_ONLY,PROVISIONAL_NONCANONICAL
G1R-053,SRC-OP-001-C037,SRC-OP-001,RiskTaxonomyTerm,RELATION,Enterprise,REC-012,PROFILE_MAPPING_ONLY,PROVISIONAL_NONCANONICAL
G1R-054,SRC-OP-001-C038,SRC-OP-001,RiskTaxonomyTerm,RELATION,Enterprise,REC-012,PROFILE_MAPPING_ONLY,PROVISIONAL_NONCANONICAL
G1R-055,SRC-OP-001-C039,SRC-OP-001,RiskTaxonomyTerm,RELATION,Enterprise,REC-012,PROFILE_MAPPING_ONLY,PROVISIONAL_NONCANONICAL
G1R-056,SRC-OP-001-C040,SRC-OP-001,RiskTaxonomyTerm,RELATION,Enterprise,REC-012,PROFILE_MAPPING_ONLY,PROVISIONAL_NONCANONICAL
G1R-057,SRC-OP-001-C041,SRC-OP-001,RiskTaxonomyTerm,RELATION,Enterprise,REC-012,PROFILE_MAPPING_ONLY,PROVISIONAL_NONCANONICAL
G1R-058,SRC-OP-001-C042,SRC-OP-001,RiskTaxonomyTerm,RELATION,Enterprise,REC-012,PROFILE_MAPPING_ONLY,PROVISIONAL_NONCANONICAL
G1R-059,SRC-OP-001-C043,SRC-OP-001,RiskTaxonomyTerm,RELATION,Enterprise,REC-012,PROFILE_MAPPING_ONLY,PROVISIONAL_NONCANONICAL
G1R-060,SRC-OP-001-C044,SRC-OP-001,RiskTaxonomyParentTerm,RELATION,Enterprise,REC-012,PROFILE_MAPPING_ONLY,PROVISIONAL_NONCANONICAL
G1R-061,SRC-OP-001-C045,SRC-OP-001,RiskTaxonomyTerm,RELATION,Enterprise,REC-012,PROFILE_MAPPING_ONLY,PROVISIONAL_NONCANONICAL
G1R-062,SRC-OP-001-C046,SRC-OP-001,RiskTaxonomyTerm,RELATION,Enterprise,REC-012,PROFILE_MAPPING_ONLY,PROVISIONAL_NONCANONICAL
G1R-063,SRC-OP-001-C047,SRC-OP-001,RiskTaxonomyTerm,RELATION,Enterprise,REC-012,PROFILE_MAPPING_ONLY,PROVISIONAL_NONCANONICAL
G1R-064,SRC-OP-001-C048,SRC-OP-001,RiskTaxonomyTerm,RELATION,Enterprise,REC-012,PROFILE_MAPPING_ONLY,PROVISIONAL_NONCANONICAL
G1R-065,SRC-OP-001-C049,SRC-OP-001,RiskTaxonomyParentTerm,RELATION,Enterprise,REC-012,PROFILE_MAPPING_ONLY,PROVISIONAL_NONCANONICAL
G1R-066,SRC-OP-001-C050,SRC-OP-001,RiskTaxonomyTerm,RELATION,Enterprise,REC-012,PROFILE_MAPPING_ONLY,PROVISIONAL_NONCANONICAL
G1R-067,SRC-OP-001-C051,SRC-OP-001,RiskTaxonomyTerm,RELATION,Enterprise,REC-012,PROFILE_MAPPING_ONLY,PROVISIONAL_NONCANONICAL
G1R-068,SRC-OP-001-C052,SRC-OP-001,RiskTaxonomyTerm,RELATION,Enterprise,REC-012,PROFILE_MAPPING_ONLY,PROVISIONAL_NONCANONICAL
G1R-069,SRC-OP-001-C053,SRC-OP-001,RiskTaxonomyTerm,RELATION,Enterprise,REC-012,PROFILE_MAPPING_ONLY,PROVISIONAL_NONCANONICAL
G1R-070,SRC-OP-001-C054,SRC-OP-001,RiskTaxonomyTerm,RELATION,Enterprise,REC-012,PROFILE_MAPPING_ONLY,PROVISIONAL_NONCANONICAL
G1R-071,SRC-OP-001-C055,SRC-OP-001,RiskTaxonomyTerm,RELATION,Enterprise,REC-012,PROFILE_MAPPING_ONLY,PROVISIONAL_NONCANONICAL
G1R-072,SRC-OP-001-C056,SRC-OP-001,RiskTaxonomyTerm,RELATION,Enterprise,REC-012,PROFILE_MAPPING_ONLY,PROVISIONAL_NONCANONICAL
G1R-073,SRC-OP-001-C057,SRC-OP-001,RiskTaxonomyTerm,RELATION,Enterprise,REC-012,PROFILE_MAPPING_ONLY,PROVISIONAL_NONCANONICAL
G1R-074,SRC-OP-001-C058,SRC-OP-001,RiskTaxonomyParentTerm,RELATION,Enterprise,REC-012,PROFILE_MAPPING_ONLY,PROVISIONAL_NONCANONICAL
G1R-075,SRC-OP-001-C059,SRC-OP-001,RiskTaxonomyTerm,RELATION,Enterprise,REC-012,PROFILE_MAPPING_ONLY,PROVISIONAL_NONCANONICAL
G1R-076,SRC-OP-001-C060,SRC-OP-001,RiskTaxonomyTerm,RELATION,Enterprise,REC-012,PROFILE_MAPPING_ONLY,PROVISIONAL_NONCANONICAL
G1R-077,SRC-OP-001-C061,SRC-OP-001,RiskTaxonomyTerm,RELATION,Enterprise,REC-012,PROFILE_MAPPING_ONLY,PROVISIONAL_NONCANONICAL
G1R-078,SRC-OP-001-C062,SRC-OP-001,RiskTaxonomyTerm,RELATION,Enterprise,REC-012,PROFILE_MAPPING_ONLY,PROVISIONAL_NONCANONICAL
G1R-079,SRC-OP-001-C063,SRC-OP-001,RiskTaxonomyTerm,RELATION,Enterprise,REC-012,PROFILE_MAPPING_ONLY,PROVISIONAL_NONCANONICAL
G1R-080,SRC-OP-001-C064,SRC-OP-001,RiskTaxonomyTerm,RELATION,Enterprise,REC-012,PROFILE_MAPPING_ONLY,PROVISIONAL_NONCANONICAL
G1R-081,SRC-OP-001-C065,SRC-OP-001,RiskTaxonomyTerm,RELATION,Enterprise,REC-012,PROFILE_MAPPING_ONLY,PROVISIONAL_NONCANONICAL
G1R-082,SRC-OP-001-C066,SRC-OP-001,RiskTaxonomyTerm,RELATION,Enterprise,REC-012,PROFILE_MAPPING_ONLY,PROVISIONAL_NONCANONICAL
G1R-083,SRC-OP-001-C067,SRC-OP-001,RiskTaxonomyTerm,RELATION,Enterprise,REC-012,PROFILE_MAPPING_ONLY,PROVISIONAL_NONCANONICAL
G1R-084,SRC-OP-001-C099,SRC-OP-001,RiskNatureValue,RELATION,Core/Enterprise,REC-008,CORE_TREATMENT_PATTERN_CANDIDATE,PROVISIONAL_NONCANONICAL
G1R-085,SRC-OP-001-C100,SRC-OP-001,RiskNatureValue,RELATION,Core/Enterprise,REC-008,CORE_TREATMENT_PATTERN_CANDIDATE,PROVISIONAL_NONCANONICAL
G1R-086,SRC-OP-001-C101,SRC-OP-001,ImpactSeverityLevel,RELATION,Core,REC-011,METHOD_PROFILE_ONLY,PROVISIONAL_NONCANONICAL
G1R-087,SRC-OP-001-C102,SRC-OP-001,ImpactSeverityLevel,RELATION,Core,REC-011,METHOD_PROFILE_ONLY,PROVISIONAL_NONCANONICAL
G1R-088,SRC-OP-001-C103,SRC-OP-001,ImpactSeverityLevel,RELATION,Core,REC-011,METHOD_PROFILE_ONLY,PROVISIONAL_NONCANONICAL
G1R-089,SRC-OP-001-C104,SRC-OP-001,ImpactSeverityLevel,RELATION,Core,REC-011,METHOD_PROFILE_ONLY,PROVISIONAL_NONCANONICAL
G1R-090,SRC-OP-001-C105,SRC-OP-001,ImpactSeverityLevel,RELATION,Core,REC-011,METHOD_PROFILE_ONLY,PROVISIONAL_NONCANONICAL
G1R-091,SRC-OP-001-C106,SRC-OP-001,LikelihoodLevel,RELATION,Core,REC-011,METHOD_PROFILE_ONLY,PROVISIONAL_NONCANONICAL
G1R-092,SRC-OP-001-C107,SRC-OP-001,LikelihoodLevel,RELATION,Core,REC-011,METHOD_PROFILE_ONLY,PROVISIONAL_NONCANONICAL
G1R-093,SRC-OP-001-C108,SRC-OP-001,LikelihoodLevel,RELATION,Core,REC-011,METHOD_PROFILE_ONLY,PROVISIONAL_NONCANONICAL
G1R-094,SRC-OP-001-C109,SRC-OP-001,LikelihoodLevel,RELATION,Core,REC-011,METHOD_PROFILE_ONLY,PROVISIONAL_NONCANONICAL
G1R-095,SRC-OP-001-C110,SRC-OP-001,LikelihoodLevel,RELATION,Core,REC-011,METHOD_PROFILE_ONLY,PROVISIONAL_NONCANONICAL
G1R-096,SRC-OP-001-C111,SRC-OP-001,RiskResponseStrategyValue,RELATION,Core/Enterprise,METHOD,METHOD_PROFILE_ONLY,PROVISIONAL_NONCANONICAL
G1R-097,SRC-OP-001-C112,SRC-OP-001,RiskResponseStrategyValue,RELATION,Core/Enterprise,METHOD,METHOD_PROFILE_ONLY,PROVISIONAL_NONCANONICAL
G1R-098,SRC-OP-001-C113,SRC-OP-001,RiskResponseStrategyValue,RELATION,Core/Enterprise,METHOD,METHOD_PROFILE_ONLY,PROVISIONAL_NONCANONICAL
G1R-099,SRC-OP-001-C114,SRC-OP-001,RiskResponseStrategyValue,RELATION,Core/Enterprise,METHOD,METHOD_PROFILE_ONLY,PROVISIONAL_NONCANONICAL
G1R-100,SRC-OP-001-C115,SRC-OP-001,RiskResponseStrategyValue,RELATION,Core/Enterprise,METHOD,METHOD_PROFILE_ONLY,PROVISIONAL_NONCANONICAL
G1R-101,SRC-OP-001-C116,SRC-OP-001,RiskResponseStrategyValue,RELATION,Core/Enterprise,METHOD,METHOD_PROFILE_ONLY,PROVISIONAL_NONCANONICAL
G1R-102,SRC-OP-001-C117,SRC-OP-001,RiskResponseStrategyValue,RELATION,Core/Enterprise,METHOD,METHOD_PROFILE_ONLY,PROVISIONAL_NONCANONICAL
G1R-103,SRC-OP-001-C033,SRC-OP-001,AnalysisWorkflowStateValue,RELATION,Enterprise,REC-006,DATA_PRODUCT_ONLY,PROVISIONAL_NONCANONICAL
G1R-104,SRC-OP-001-C034,SRC-OP-001,AnalysisWorkflowStateValue,RELATION,Enterprise,REC-006,DATA_PRODUCT_ONLY,PROVISIONAL_NONCANONICAL
G1R-105,SRC-OP-001-C035,SRC-OP-001,AnalysisWorkflowStateValue,RELATION,Enterprise,REC-006,DATA_PRODUCT_ONLY,PROVISIONAL_NONCANONICAL
G1R-106,SRC-OP-001-C068,SRC-OP-001,RiskIdentificationChannelTerm,RELATION,Enterprise,PROFILE,PROFILE_MAPPING_ONLY,PROVISIONAL_NONCANONICAL
G1R-107,SRC-OP-001-C069,SRC-OP-001,RiskIdentificationChannelTerm,RELATION,Enterprise,PROFILE,PROFILE_MAPPING_ONLY,PROVISIONAL_NONCANONICAL
G1R-108,SRC-OP-001-C070,SRC-OP-001,RiskIdentificationChannelTerm,RELATION,Enterprise,PROFILE,PROFILE_MAPPING_ONLY,PROVISIONAL_NONCANONICAL
G1R-109,SRC-OP-001-C071,SRC-OP-001,RiskIdentificationChannelTerm,RELATION,Enterprise,PROFILE,PROFILE_MAPPING_ONLY,PROVISIONAL_NONCANONICAL
G1R-110,SRC-OP-001-C072,SRC-OP-001,RiskIdentificationChannelTerm,RELATION,Enterprise,PROFILE,PROFILE_MAPPING_ONLY,PROVISIONAL_NONCANONICAL
G1R-111,SRC-OP-001-C073,SRC-OP-001,RiskIdentificationChannelTerm,RELATION,Enterprise,PROFILE,PROFILE_MAPPING_ONLY,PROVISIONAL_NONCANONICAL
G1R-112,SRC-OP-001-C074,SRC-OP-001,RiskIdentificationChannelTerm,RELATION,Enterprise,PROFILE,PROFILE_MAPPING_ONLY,PROVISIONAL_NONCANONICAL
G1R-113,SRC-OP-001-C075,SRC-OP-001,RiskIdentificationChannelTerm,RELATION,Enterprise,PROFILE,PROFILE_MAPPING_ONLY,PROVISIONAL_NONCANONICAL
G1R-114,SRC-OP-001-C076,SRC-OP-001,RiskIdentificationChannelTerm,RELATION,Enterprise,PROFILE,PROFILE_MAPPING_ONLY,PROVISIONAL_NONCANONICAL
G1R-115,SRC-OP-001-C077,SRC-OP-001,RiskIdentifyingOrganizationalUnitTerm,RELATION,Enterprise,PROFILE,PROFILE_MAPPING_ONLY,PROVISIONAL_NONCANONICAL
G1R-116,SRC-OP-001-C078,SRC-OP-001,RiskIdentifyingOrganizationalUnitTerm,RELATION,Enterprise,PROFILE,PROFILE_MAPPING_ONLY,PROVISIONAL_NONCANONICAL
G1R-117,SRC-OP-001-C079,SRC-OP-001,RiskIdentifyingOrganizationalUnitTerm,RELATION,Enterprise,PROFILE,PROFILE_MAPPING_ONLY,PROVISIONAL_NONCANONICAL
G1R-118,SRC-OP-001-C080,SRC-OP-001,RiskIdentifyingOrganizationalUnitTerm,RELATION,Enterprise,PROFILE,PROFILE_MAPPING_ONLY,PROVISIONAL_NONCANONICAL
G1R-119,SRC-OP-001-C081,SRC-OP-001,RiskIdentifyingOrganizationalUnitTerm,RELATION,Enterprise,PROFILE,PROFILE_MAPPING_ONLY,PROVISIONAL_NONCANONICAL
G1R-120,SRC-OP-001-C082,SRC-OP-001,RiskIdentifyingOrganizationalUnitTerm,RELATION,Enterprise,PROFILE,PROFILE_MAPPING_ONLY,PROVISIONAL_NONCANONICAL
G1R-121,SRC-OP-001-C083,SRC-OP-001,RiskIdentifyingOrganizationalUnitTerm,RELATION,Enterprise,PROFILE,PROFILE_MAPPING_ONLY,PROVISIONAL_NONCANONICAL
G1R-122,SRC-OP-001-C084,SRC-OP-001,RiskIdentifyingOrganizationalUnitTerm,RELATION,Enterprise,PROFILE,PROFILE_MAPPING_ONLY,PROVISIONAL_NONCANONICAL
G1R-123,SRC-OP-001-C085,SRC-OP-001,RiskIdentifyingOrganizationalUnitTerm,RELATION,Enterprise,PROFILE,PROFILE_MAPPING_ONLY,PROVISIONAL_NONCANONICAL
G1R-124,SRC-OP-001-C086,SRC-OP-001,RiskIdentifyingOrganizationalUnitTerm,RELATION,Enterprise,PROFILE,PROFILE_MAPPING_ONLY,PROVISIONAL_NONCANONICAL
G1R-125,SRC-OP-001-C087,SRC-OP-001,RiskIdentifyingOrganizationalUnitTerm,RELATION,Enterprise,PROFILE,PROFILE_MAPPING_ONLY,PROVISIONAL_NONCANONICAL
G1R-126,SRC-OP-001-C088,SRC-OP-001,RiskOwningOrganizationalUnitTerm,RELATION,Enterprise,PROFILE,PROFILE_MAPPING_ONLY,PROVISIONAL_NONCANONICAL
G1R-127,SRC-OP-001-C089,SRC-OP-001,RiskOwningOrganizationalUnitTerm,RELATION,Enterprise,PROFILE,PROFILE_MAPPING_ONLY,PROVISIONAL_NONCANONICAL
G1R-128,SRC-OP-001-C090,SRC-OP-001,RiskOwningOrganizationalUnitTerm,RELATION,Enterprise,PROFILE,PROFILE_MAPPING_ONLY,PROVISIONAL_NONCANONICAL
G1R-129,SRC-OP-001-C091,SRC-OP-001,RiskOwningOrganizationalUnitTerm,RELATION,Enterprise,PROFILE,PROFILE_MAPPING_ONLY,PROVISIONAL_NONCANONICAL
G1R-130,SRC-OP-001-C092,SRC-OP-001,RiskOwningOrganizationalUnitTerm,RELATION,Enterprise,PROFILE,PROFILE_MAPPING_ONLY,PROVISIONAL_NONCANONICAL
G1R-131,SRC-OP-001-C093,SRC-OP-001,RiskOwningOrganizationalUnitTerm,RELATION,Enterprise,PROFILE,PROFILE_MAPPING_ONLY,PROVISIONAL_NONCANONICAL
G1R-132,SRC-OP-001-C094,SRC-OP-001,RiskOwningOrganizationalUnitTerm,RELATION,Enterprise,PROFILE,PROFILE_MAPPING_ONLY,PROVISIONAL_NONCANONICAL
G1R-133,SRC-OP-001-C095,SRC-OP-001,RiskOwningOrganizationalUnitTerm,RELATION,Enterprise,PROFILE,PROFILE_MAPPING_ONLY,PROVISIONAL_NONCANONICAL
G1R-134,SRC-OP-001-C096,SRC-OP-001,RiskOwningOrganizationalUnitTerm,RELATION,Enterprise,PROFILE,PROFILE_MAPPING_ONLY,PROVISIONAL_NONCANONICAL
G1R-135,SRC-OP-001-C097,SRC-OP-001,RiskOwningOrganizationalUnitTerm,RELATION,Enterprise,PROFILE,PROFILE_MAPPING_ONLY,PROVISIONAL_NONCANONICAL
G1R-136,SRC-OP-001-C098,SRC-OP-001,RiskOwningOrganizationalUnitTerm,RELATION,Enterprise,PROFILE,PROFILE_MAPPING_ONLY,PROVISIONAL_NONCANONICAL
G1R-137,SRC-OP-001-C118,SRC-OP-001,RiskRecordWorkflowStateValue,RELATION,Enterprise,REC-006,DATA_PRODUCT_ONLY,PROVISIONAL_NONCANONICAL
G1R-138,SRC-OP-001-C119,SRC-OP-001,RiskRecordWorkflowStateValue,RELATION,Enterprise,REC-006,DATA_PRODUCT_ONLY,PROVISIONAL_NONCANONICAL
G1R-139,SRC-OP-001-C120,SRC-OP-001,RiskRecordWorkflowStateValue,RELATION,Enterprise,REC-006,DATA_PRODUCT_ONLY,PROVISIONAL_NONCANONICAL
G1R-140,SRC-OP-001-C121,SRC-OP-001,RiskRecordWorkflowStateValue,RELATION,Enterprise,REC-006,DATA_PRODUCT_ONLY,PROVISIONAL_NONCANONICAL
G1R-141,SRC-OP-001-C003,SRC-OP-001,RiskCategoryAssignment,RELATION,Enterprise,REC-012,PROFILE_MAPPING_ONLY,PROVISIONAL_NONCANONICAL
G1R-142,SRC-OP-001-C004,SRC-OP-001,AnalysisWorkflowState,RELATION,Enterprise,REC-006,DATA_PRODUCT_ONLY,PROVISIONAL_NONCANONICAL
G1R-143,SRC-OP-001-C005,SRC-OP-001,RiskTaxonomyAssignment,RELATION,Enterprise,REC-012,PROFILE_MAPPING_ONLY,PROVISIONAL_NONCANONICAL
G1R-144,SRC-OP-001-C010,SRC-OP-001,ImpactSeverityAssessmentResult,ACTIVITY_OR_PROCESS,Core,REC-004,CORE_BACKBONE_CANDIDATE,PROVISIONAL_NONCANONICAL
G1R-145,SRC-OP-001-C011,SRC-OP-001,LikelihoodAssessmentResult,ACTIVITY_OR_PROCESS,Core,REC-004,CORE_BACKBONE_CANDIDATE,PROVISIONAL_NONCANONICAL
G1R-146,SRC-OP-001-C012,SRC-OP-001,InherentRiskAssessmentResult,STATE_OR_CONTEXTUAL_RESULT,Core/Enterprise,REC-005,CORE_BACKBONE_CANDIDATE,PROVISIONAL_NONCANONICAL
G1R-147,SRC-OP-001-C013,SRC-OP-001,RiskResponseStrategy,RELATION,Core/Enterprise,REC-008,CORE_TREATMENT_PATTERN_CANDIDATE,PROVISIONAL_NONCANONICAL
G1R-148,SRC-OP-001-C014,SRC-OP-001,RiskTreatmentPlan,ACTIVITY_OR_PROCESS,Core/Enterprise,REC-008,CORE_TREATMENT_PATTERN_CANDIDATE,PROVISIONAL_NONCANONICAL
G1R-149,SRC-OP-001-C018,SRC-OP-001,ResidualImpactAssessmentResult,STATE_OR_CONTEXTUAL_RESULT,Core/Enterprise,REC-005,CORE_BACKBONE_CANDIDATE,PROVISIONAL_NONCANONICAL
G1R-150,SRC-OP-001-C019,SRC-OP-001,ResidualLikelihoodAssessmentResult,STATE_OR_CONTEXTUAL_RESULT,Core/Enterprise,REC-005,CORE_BACKBONE_CANDIDATE,PROVISIONAL_NONCANONICAL
G1R-151,SRC-OP-001-C020,SRC-OP-001,ResidualRiskAssessmentResult,STATE_OR_CONTEXTUAL_RESULT,Core/Enterprise,REC-005,CORE_BACKBONE_CANDIDATE,PROVISIONAL_NONCANONICAL
G1R-152,SRC-OP-001-C025,SRC-OP-001,WorkflowAssigneeRole,STATE_OR_CONTEXTUAL_RESULT,Enterprise,REC-006,DATA_PRODUCT_ONLY,PROVISIONAL_NONCANONICAL
G1R-153,SRC-OP-001-C026,SRC-OP-001,RiskRecordTag,RELATION,Enterprise,DATA,DATA_PRODUCT_ONLY,PROVISIONAL_NONCANONICAL
G1R-154,SRC-OP-001-C027,SRC-OP-001,RiskRecordWorkflowState,RELATION,Enterprise,REC-003,CORE_BACKBONE_CANDIDATE,PROVISIONAL_NONCANONICAL
G1R-155,SRC-PH-005-C001,SRC-PH-005,MedicineSupplyDisruption,EVENT_OR_SITUATION,Pharma/Health,REC-002,PROFILE_EVENT_SITUATION_CANDIDATE,PROVISIONAL_NONCANONICAL
G1R-156,SRC-PH-005-C002,SRC-PH-005,MedicineShortage,EVENT_OR_SITUATION,Pharma/Health,REC-002,PROFILE_EVENT_SITUATION_CANDIDATE,PROVISIONAL_NONCANONICAL
G1R-157,SRC-PH-005-C010,SRC-PH-005,SystemicAntibacterialClassification,RELATION,Pharma/Health,REC-012,PROFILE_MAPPING_ONLY,PROVISIONAL_NONCANONICAL
G1R-158,SRC-PH-005-C011,SRC-PH-005,TherapeuticSubclass,RELATION,Pharma/Health,REC-012,PROFILE_MAPPING_ONLY,PROVISIONAL_NONCANONICAL
G1R-159,SRC-PH-005-C015,SRC-PH-005,CriticalMedicineStatus,STATE_OR_CONTEXTUAL_RESULT,Pharma/Governance,PROFILE-OTHER,PROFILE_CANDIDATE,PROVISIONAL_NONCANONICAL
G1R-160,SRC-PH-005-C025,SRC-PH-005,ShortageMonitoringAuthorityRole,ACTIVITY_OR_PROCESS,Governance/Pharma,REC-014,FEDERATED_EXTERNAL_OWNER,PROVISIONAL_NONCANONICAL
G1R-161,SRC-PH-005-C026,SRC-PH-005,MedicineAvailabilityMonitoringActivity,ACTIVITY_OR_PROCESS,Health/Pharma,REC-002,PROFILE_EVENT_SITUATION_CANDIDATE,PROVISIONAL_NONCANONICAL
G1R-162,SRC-PH-005-C027,SRC-PH-005,ShortagePreventionActivity,EVENT_OR_SITUATION,Pharma/Health,REC-008,PROFILE_TREATMENT_CANDIDATE,PROVISIONAL_NONCANONICAL
G1R-163,SRC-PH-005-C028,SRC-PH-005,ShortageManagementActivity,ACTIVITY_OR_PROCESS,Pharma/Health,REC-008,PROFILE_TREATMENT_CANDIDATE,PROVISIONAL_NONCANONICAL
G1R-164,SRC-PH-005-C029,SRC-PH-005,ShortageDataHarmonizationActivity,ACTIVITY_OR_PROCESS,Pharma,REC-011,METHOD_PROFILE_ONLY,PROVISIONAL_NONCANONICAL
G1R-165,SRC-PH-005-C031,SRC-PH-005,ShortageReportingAttentionBias,ACTIVITY_OR_PROCESS,Core/Pharma,REC-009,EVIDENCE_PROVENANCE_CANDIDATE,PROVISIONAL_NONCANONICAL
G1R-166,SRC-PH-005-C032,SRC-PH-005,CausalInferenceLimitation,RELATION,Core,REC-010,CORE_RELATION_CANDIDATE,PROVISIONAL_NONCANONICAL
G1R-167,SRC-PH-004-C001,SRC-PH-004,MedicineShortageSituation,EVENT_OR_SITUATION,Pharma/Health,REC-002,PROFILE_EVENT_SITUATION_CANDIDATE,PROVISIONAL_NONCANONICAL
G1R-168,SRC-PH-004-C004,SRC-PH-004,NationalSupplyChainManagementRole,ACTIVITY_OR_PROCESS,Pharma/SupplyChain,REC-007,ROLE_OR_RESPONSIBILITY_CANDIDATE,PROVISIONAL_NONCANONICAL
G1R-169,SRC-PH-004-C005,SRC-PH-004,GlobalSupplyChainManagementRole,ACTIVITY_OR_PROCESS,Pharma/SupplyChain,REC-007,ROLE_OR_RESPONSIBILITY_CANDIDATE,PROVISIONAL_NONCANONICAL
G1R-170,SRC-PH-004-C010,SRC-PH-004,ManufacturingIssueCondition,EVENT_OR_SITUATION,Pharma,REC-002,PROFILE_EVENT_SITUATION_CANDIDATE,PROVISIONAL_NONCANONICAL
G1R-171,SRC-PH-004-C014,SRC-PH-004,ShortageForecastingActivity,ACTIVITY_OR_PROCESS,Pharma/Architecture,REC-013,PROFILE_CONTEXT_CANDIDATE,PROVISIONAL_NONCANONICAL
G1R-172,SRC-PH-004-C015,SRC-PH-004,ShortageCommunicationActivity,ACTIVITY_OR_PROCESS,Health/Governance,REC-008,PROFILE_TREATMENT_CANDIDATE,PROVISIONAL_NONCANONICAL
G1R-173,SRC-PH-004-C016,SRC-PH-004,PanicBuyingEvent,EVENT_OR_SITUATION,Health/SupplyChain,REC-010,PROFILE_RELATION_CANDIDATE,PROVISIONAL_NONCANONICAL
G1R-174,SRC-PH-004-C017,SRC-PH-004,HealthcareHoardingActivity,EVENT_OR_SITUATION,Health/SupplyChain,REC-010,PROFILE_RELATION_CANDIDATE,PROVISIONAL_NONCANONICAL
G1R-175,SRC-PH-004-C019,SRC-PH-004,ShortageManagementStrategy,ACTIVITY_OR_PROCESS,Pharma/Health,REC-008,PROFILE_TREATMENT_CANDIDATE,PROVISIONAL_NONCANONICAL
