source_concept_id,raw_term,raw_definition_or_context,source_id,source_locator,source_type,evidence_strength,extraction_dimension,fact_status,normalized_candidate,candidate_scope,disposition,existing_target_id,ontology_category_candidate,ontology_product_data_relevance,domain_relevance,synonym_conflict_note,follow_up_status
SRC-OP-001-C001,عنوان  خلاصه ریسک,Data Type: text,SRC-OP-001,Sheet1!A2:C2,spreadsheet-attribute,A-operational-direct,record-metadata,SOURCE_FACT,RiskRecordTitle,Enterprise,DATA_ONLY,,information-entity,data/product,enterprise-risk,UI/record title; not the risk phenomenon,RECONCILE_BEFORE_CANONICAL
SRC-OP-001-C002,عنوان علی معلولی ریسک,Data Type: Text Field (multi-line),SRC-OP-001,Sheet1!A3:C3,spreadsheet-attribute,A-operational-direct,scenario-description,SOURCE_FACT,RiskScenarioNarrative,Core/Enterprise,CANDIDATE,,information-entity,ontology+data,enterprise-risk; cross-domain candidate,Causal narrative should be decomposed into source/condition/event/consequence relations where evidence permits,RECONCILE_BEFORE_CANONICAL
SRC-OP-001-C003,طبقه‌بندی ریسک,"Data Type: Select List (single choice); controlled values extracted separately",SRC-OP-001,Sheet1!A4:C4,spreadsheet-attribute,A-operational-direct,classification,SOURCE_FACT,RiskCategoryAssignment,Enterprise,PROFILE_OR_MAPPING,,information-entity/controlled-vocabulary,ontology+data,enterprise-risk,Source-specific primary taxonomy; values are not automatically ontology subclasses,RECONCILE_BEFORE_CANONICAL
SRC-OP-001-C004,Analyzed state,"Data Type: Select List (single choice); controlled values extracted separately",SRC-OP-001,Sheet1!A5:C5,spreadsheet-attribute,A-operational-direct,workflow,SOURCE_FACT,AnalysisWorkflowState,Enterprise,DATA_OR_PRODUCT,,state/controlled-vocabulary,data/product,enterprise-risk,"State of analysis workflow, not RiskState",RECONCILE_BEFORE_CANONICAL
SRC-OP-001-C005,مدل ثانویه دسته‌بندی ریسک,"Data Type: Select List (cascading); controlled values extracted separately",SRC-OP-001,Sheet1!A6:C6,spreadsheet-attribute,A-operational-direct,classification,SOURCE_FACT,RiskTaxonomyAssignment,Enterprise,PROFILE_OR_MAPPING,,information-entity/controlled-vocabulary,ontology+data,enterprise-risk,"Source-specific secondary taxonomy; preserve hierarchy as taxonomy mapping, not class axioms",RECONCILE_BEFORE_CANONICAL
SRC-OP-001-C006,کانال ورودی ریسک,"Data Type: Select List (single choice); controlled values extracted separately",SRC-OP-001,Sheet1!A7:C7,spreadsheet-attribute,A-operational-direct,identification-provenance,SOURCE_FACT,RiskIdentificationChannel,Enterprise,CANDIDATE,,information-entity/role/context,ontology+data,enterprise-risk,"May represent provenance channel, process, committee or evidence source; heterogeneous values require reconciliation",RECONCILE_BEFORE_CANONICAL
SRC-OP-001-C007,واحدهای شناسایی‌کننده ریسک,"Data Type: Select List (multiple choices); controlled values extracted separately",SRC-OP-001,Sheet1!A8:C8,spreadsheet-attribute,A-operational-direct,responsibility,SOURCE_FACT,RiskIdentifyingUnitRole,Enterprise,CANDIDATE,,role,ontology+data,enterprise-risk,Organizational unit plays identifier role; multi-valued,RECONCILE_BEFORE_CANONICAL
SRC-OP-001-C008,واحد مالک,"Data Type: Select List (single choice); controlled values extracted separately",SRC-OP-001,Sheet1!A9:C9,spreadsheet-attribute,A-operational-direct,responsibility,SOURCE_FACT,RiskOwnerRole,Enterprise,CANDIDATE,,role/relator,ontology+data,enterprise-risk,Separate owner role from ownership assignment/accountability relator,RECONCILE_BEFORE_CANONICAL
SRC-OP-001-C009,ماهیت ریسک,"Data Type: Select List (single choice); threat/opportunity",SRC-OP-001,Sheet1!A10:C10,spreadsheet-attribute,A-operational-direct,polarity,SOURCE_FACT,RiskNature,Core/Enterprise,CANDIDATE,,quality/classification,ontology+data,enterprise-risk; cross-domain candidate,Threat/opportunity treatment must be reconciled with COVER/ISO/COSO semantics,RECONCILE_BEFORE_CANONICAL
SRC-OP-001-C010,شدت اثر,"Data Type: Risk Factor; five-level ordinal scale",SRC-OP-001,Sheet1!A11:C11,spreadsheet-attribute,A-operational-direct,assessment,SOURCE_FACT,ImpactSeverityAssessmentResult,Core,CANDIDATE,,quality/measurement-result,ontology+data,enterprise-risk; cross-domain candidate,"Ordinal assessment result, not intrinsic timeless property of Risk",RECONCILE_BEFORE_CANONICAL
SRC-OP-001-C011,احتمال وقوع,"Data Type: Risk Factor; five-level ordinal scale",SRC-OP-001,Sheet1!A12:C12,spreadsheet-attribute,A-operational-direct,assessment,SOURCE_FACT,LikelihoodAssessmentResult,Core,CANDIDATE,,quality/measurement-result,ontology+data,enterprise-risk; cross-domain candidate,Ordinal likelihood judgment; method/context/time dependent,RECONCILE_BEFORE_CANONICAL
SRC-OP-001-C012,Inherent risk,Data Type: شدت اثر*احتمال وقوع,SRC-OP-001,Sheet1!A13:C13,spreadsheet-attribute,A-operational-direct,assessment,SOURCE_FACT,InherentRiskAssessmentResult,Core/Enterprise,CANDIDATE,,derived-result,ontology+data,enterprise-risk; cross-domain candidate,"Derived from impact×likelihood in this schema; formula is method/business rule, not OWL truth",RECONCILE_BEFORE_CANONICAL
SRC-OP-001-C013,پاسخ به ریسک,"Data Type: Risk Factor; threat/opportunity response values extracted separately",SRC-OP-001,Sheet1!A14:C14,spreadsheet-attribute,A-operational-direct,treatment,SOURCE_FACT,RiskResponseStrategy,Core/Enterprise,CANDIDATE,,controlled-vocabulary/strategy,ontology+data,enterprise-risk; cross-domain candidate,Threat and opportunity strategies are mixed; method/source-specific controlled vocabulary,RECONCILE_BEFORE_CANONICAL
SRC-OP-001-C014,برنامه پاسخ به ریسک,Data Type: Text Field (multi-line),SRC-OP-001,Sheet1!A15:C15,spreadsheet-attribute,A-operational-direct,treatment,SOURCE_FACT,RiskTreatmentPlan,Core/Enterprise,CANDIDATE,,information-entity,ontology+data,enterprise-risk; cross-domain candidate,Plan is information artifact; execution activities/controls should be modeled separately,RECONCILE_BEFORE_CANONICAL
SRC-OP-001-C015,برنامه جایگزین ریسک,Data Type: Text Field (multi-line),SRC-OP-001,Sheet1!A16:C16,spreadsheet-attribute,A-operational-direct,treatment,SOURCE_FACT,ContingencyPlan,Core/Enterprise,CANDIDATE,,information-entity,ontology+data,enterprise-risk; cross-domain candidate,Contingency/fallback plan distinct from treatment strategy,RECONCILE_BEFORE_CANONICAL
SRC-OP-001-C016,تاریخ شناسایی ریسک,Data Type: Date Picker,SRC-OP-001,Sheet1!A17:C17,spreadsheet-attribute,A-operational-direct,temporal-provenance,SOURCE_FACT,RiskIdentificationTime,Core/Enterprise,CANDIDATE,,temporal-quality,ontology+data,enterprise-risk; cross-domain candidate,"Time of identification, distinct from record creation time",RECONCILE_BEFORE_CANONICAL
SRC-OP-001-C017,Description,Data Type: System field,SRC-OP-001,Sheet1!A18:C18,spreadsheet-attribute,A-operational-direct,record-metadata,SOURCE_FACT,RiskRecordDescription,Enterprise,DATA_ONLY,,information-entity,data/product,enterprise-risk,Generic system description field; content may contain semantic evidence but field itself is record metadata,RECONCILE_BEFORE_CANONICAL
SRC-OP-001-C018,شدت اثر باقیمانده,Data Type: Risk Factor,SRC-OP-001,Sheet1!A19:C19,spreadsheet-attribute,A-operational-direct,assessment,SOURCE_FACT,ResidualImpactAssessmentResult,Core/Enterprise,CANDIDATE,,quality/measurement-result,ontology+data,enterprise-risk; cross-domain candidate,Post-control/treatment impact assessment,RECONCILE_BEFORE_CANONICAL
SRC-OP-001-C019,احتمال وقوع باقیمانده,Data Type: Risk Factor,SRC-OP-001,Sheet1!A20:C20,spreadsheet-attribute,A-operational-direct,assessment,SOURCE_FACT,ResidualLikelihoodAssessmentResult,Core/Enterprise,CANDIDATE,,quality/measurement-result,ontology+data,enterprise-risk; cross-domain candidate,Post-control/treatment likelihood assessment,RECONCILE_BEFORE_CANONICAL
SRC-OP-001-C020,Residual risk,Data Type: شدت اثر باقیمانده*احتمال وقوع باقیمانده,SRC-OP-001,Sheet1!A21:C21,spreadsheet-attribute,A-operational-direct,assessment,SOURCE_FACT,ResidualRiskAssessmentResult,Core/Enterprise,CANDIDATE,,derived-result,ontology+data,enterprise-risk; cross-domain candidate,Post-control/treatment derived result; same risk scenario unless evidence indicates otherwise,RECONCILE_BEFORE_CANONICAL
SRC-OP-001-C021,پیامدهای ریسک,Data Type: text,SRC-OP-001,Sheet1!A22:C22,spreadsheet-attribute,A-operational-direct,consequence,SOURCE_FACT,RiskConsequenceSummary,Core/Enterprise,CANDIDATE,,information-entity/reference,ontology+data,enterprise-risk; cross-domain candidate,May reference Consequence entity/entities; field itself is representation,RECONCILE_BEFORE_CANONICAL
SRC-OP-001-C022,Risk consequences text,Data Type: Text Field (multi-line),SRC-OP-001,Sheet1!A23:C23,spreadsheet-attribute,A-operational-direct,consequence,SOURCE_FACT,RiskConsequenceDescription,Core/Enterprise,CANDIDATE,,information-entity,ontology+data,enterprise-risk; cross-domain candidate,"Free-text representation of consequences, not the consequence event/state itself",RECONCILE_BEFORE_CANONICAL
SRC-OP-001-C023,تاریخ ساخت,Data Type: date,SRC-OP-001,Sheet1!A24:C24,spreadsheet-attribute,A-operational-direct,record-provenance,SOURCE_FACT,RiskRecordCreationTime,Enterprise,DATA_ONLY,,temporal-quality,data/product,enterprise-risk,System metadata; do not conflate with risk identification/event time,RECONCILE_BEFORE_CANONICAL
SRC-OP-001-C024,تاریخ آخرین آپدیت,Data Type: date,SRC-OP-001,Sheet1!A25:C25,spreadsheet-attribute,A-operational-direct,record-provenance,SOURCE_FACT,RiskRecordModificationTime,Enterprise,DATA_ONLY,,temporal-quality,data/product,enterprise-risk,System metadata,RECONCILE_BEFORE_CANONICAL
SRC-OP-001-C025,Assignee,Data Type: User picker,SRC-OP-001,Sheet1!A26:C26,spreadsheet-attribute,A-operational-direct,workflow-responsibility,SOURCE_FACT,WorkflowAssigneeRole,Enterprise,DATA_OR_PRODUCT,,role,data/product,enterprise-risk,Assignee may differ from risk owner/accountable actor,RECONCILE_BEFORE_CANONICAL
SRC-OP-001-C026,Labels,Data Type: text (one word-any word),SRC-OP-001,Sheet1!A27:C27,spreadsheet-attribute,A-operational-direct,record-metadata,SOURCE_FACT,RiskRecordTag,Enterprise,DATA_ONLY,,controlled-vocabulary/tag,data/product,enterprise-risk,Indexing/search metadata,RECONCILE_BEFORE_CANONICAL
SRC-OP-001-C027,Status,Data Type: Single select (Based on Workflow); Selection Dataset: Open-Analyzed-Treated-Closed,SRC-OP-001,Sheet1!A28:C28,spreadsheet-attribute,A-operational-direct,workflow,SOURCE_FACT,RiskRecordWorkflowState,Enterprise,CANDIDATE,,state/controlled-vocabulary,ontology+data,enterprise-risk,Open/Analyzed/Treated/Closed describes management-record/process lifecycle; not necessarily risk existence/state,RECONCILE_BEFORE_CANONICAL
