source_concept_id,raw_term,raw_definition_or_context,source_id,source_locator,source_type,evidence_strength,extraction_dimension,fact_status,normalized_candidate,candidate_scope,disposition,ontology_category_candidate,domain_relevance,follow_up_status
SRC-PH-005-C001,Drug supply disruption,"Problem framing; paper treats systemic-antibiotic supply disruptions/shortages as studied phenomena",SRC-PH-005,"Abstract; Section 4.1 Study Design and Data Sources",peer-reviewed-journal,A-peer-reviewed,risk-event-situation,SOURCE_FACT,MedicineSupplyDisruption,Pharma/Health,CANDIDATE,event/situation boundary to analyze,pharma; health,RECONCILE_BEFORE_CANONICAL
SRC-PH-005-C002,Shortage,"Section 4.1 states shortage and supply disruption are used synonymously for reported interruptions in availability",SRC-PH-005,"Section 4.1 Study Design and Data Sources",peer-reviewed-journal,A-peer-reviewed,terminology,SOURCE_FACT,MedicineShortage,Pharma/Health,CANDIDATE,situation/event/information-report boundary,pharma; health,RECONCILE_BEFORE_CANONICAL
SRC-PH-005-C003,National shortage registry,"Public official data source",SRC-PH-005,"Section 4.1 Study Design and Data Sources",peer-reviewed-journal,A-peer-reviewed,information-source,SOURCE_FACT,MedicineShortageRegistry,Pharma/Governance,CANDIDATE,information-artifact/system candidate,pharma; governance,RECONCILE_BEFORE_CANONICAL
SRC-PH-005-C004,Shortage report/record,"Initial extraction yielded 350 product-level shortage records across seven jurisdictions",SRC-PH-005,"Section 2.1; Section 4.1",peer-reviewed-journal,A-peer-reviewed,record,SOURCE_FACT,MedicineShortageRecord,Pharma,CANDIDATE,information-entity candidate,pharma,RECONCILE_BEFORE_CANONICAL
SRC-PH-005-C005,Active pharmaceutical ingredient / INN,"64 unique INNs used as analytical unit after harmonization",SRC-PH-005,"Abstract; Section 4.1",peer-reviewed-journal,A-peer-reviewed,domain-entity,SOURCE_FACT,ActivePharmaceuticalIngredient,Pharma,PROFILE_OR_MAPPING,kind/subkind candidate,pharma,CM_PHARME_MAPPING_REQUIRED
SRC-PH-005-C006,Trade name,"Product-level variable used for record differentiation/deduplication",SRC-PH-005,"Section 4.1",peer-reviewed-journal,A-peer-reviewed,data-identifier,SOURCE_FACT,PharmaceuticalTradeName,Pharma,PROFILE_OR_MAPPING,information/designation candidate,pharma,CM_PHARME_MAPPING_REQUIRED
SRC-PH-005-C007,Dosage form,"Product-level variable used for distinct shortage records and deduplication",SRC-PH-005,"Section 4.1",peer-reviewed-journal,A-peer-reviewed,domain-quality,SOURCE_FACT,DosageForm,Pharma,PROFILE_OR_MAPPING,quality/classification candidate,pharma,CM_PHARME_MAPPING_REQUIRED
SRC-PH-005-C008,Strength,"Product-level variable used for distinct shortage records and deduplication",SRC-PH-005,"Section 4.1",peer-reviewed-journal,A-peer-reviewed,domain-quality,SOURCE_FACT,ProductStrength,Pharma,PROFILE_OR_MAPPING,quality candidate,pharma,CM_PHARME_MAPPING_REQUIRED
SRC-PH-005-C009,Package size,"Product-level variable used where available",SRC-PH-005,"Section 4.1",peer-reviewed-journal,A-peer-reviewed,domain-quality,SOURCE_FACT,PackageSize,Pharma,PROFILE_OR_MAPPING,quality candidate,pharma,CM_PHARME_MAPPING_REQUIRED
SRC-PH-005-C010,ATC J01 systemic antibacterial,"Therapeutic population boundary",SRC-PH-005,"Abstract; Section 4.1",peer-reviewed-journal,A-peer-reviewed,classification,SOURCE_FACT,SystemicAntibacterialClassification,Pharma/Health,PROFILE_OR_MAPPING,controlled-vocabulary/classification,pharma; health,RECONCILE_BEFORE_CANONICAL
SRC-PH-005-C011,ATC level 3 therapeutic subclass,"Used to analyze structural concentration/heterogeneity",SRC-PH-005,"Section 2.1",peer-reviewed-journal,A-peer-reviewed,classification,SOURCE_FACT,TherapeuticSubclass,Pharma/Health,PROFILE_OR_MAPPING,controlled-vocabulary/classification,pharma; health,RECONCILE_BEFORE_CANONICAL
SRC-PH-005-C012,Jurisdiction,"Country/regulatory jurisdiction reporting shortage",SRC-PH-005,"Abstract; Section 4.1",peer-reviewed-journal,A-peer-reviewed,context,SOURCE_FACT,RegulatoryJurisdiction,Governance/Pharma,CANDIDATE,kind/role/context candidate,governance; pharma,RECONCILE_BEFORE_CANONICAL
SRC-PH-005-C013,Multinational shortage recurrence,"Shortage of an INN reported across multiple jurisdictions",SRC-PH-005,"Abstract; Sections 2.1, 2.6, 4.1",peer-reviewed-journal,A-peer-reviewed,derived-observation,SOURCE_FACT,MultijurisdictionShortageRecurrence,Pharma/Health,CANDIDATE,quality/derived observation candidate,pharma; health,RECONCILE_BEFORE_CANONICAL
SRC-PH-005-C014,Core shortage,"Binary indicator based on shortage reported in at least three of seven jurisdictions",SRC-PH-005,"Section 4.1",peer-reviewed-journal,A-peer-reviewed,method-derived-state,SOURCE_FACT,CoreShortageIndicator,Pharma,METHOD_PROFILE,derived classification/indicator,pharma,RECONCILE_BEFORE_CANONICAL
SRC-PH-005-C015,EMA critical medicine status,"Predictor/independent variable associated with multinational shortage recurrence",SRC-PH-005,"Abstract; Section 2.2; Section 4.1",peer-reviewed-journal,A-peer-reviewed,regulatory-status,SOURCE_FACT,CriticalMedicineStatus,Pharma/Governance,CANDIDATE,role/status/information mapping candidate,pharma; governance,RECONCILE_BEFORE_CANONICAL
SRC-PH-005-C016,Route of administration,"Analyzed predictor; injectable route not significant in primary multivariate model",SRC-PH-005,"Abstract; sensitivity/results",peer-reviewed-journal,A-peer-reviewed,domain-quality,SOURCE_FACT,RouteOfAdministration,Pharma/Health,PROFILE_OR_MAPPING,quality/classification candidate,pharma; health,CM_PHARME_MAPPING_REQUIRED
SRC-PH-005-C017,Structural shortage pattern,"Recurrent characteristics across multiple jurisdictions beyond isolated local influences",SRC-PH-005,"Section 4.1 definition",peer-reviewed-journal,A-peer-reviewed,pattern,SOURCE_FACT,StructuralShortagePattern,Pharma/SupplyChain,CANDIDATE,information/analytical pattern candidate,pharma; supplychain,RECONCILE_BEFORE_CANONICAL
SRC-PH-005-C018,Local shortage pattern,"Contrasted with multinational/structural recurrence",SRC-PH-005,"Section 3 Discussion",peer-reviewed-journal,A-peer-reviewed,pattern,SOURCE_FACT,LocalShortagePattern,Pharma,CANDIDATE,information/analytical pattern candidate,pharma,RECONCILE_BEFORE_CANONICAL
SRC-PH-005-C019,Global production-chain vulnerability,"Discussion interprets multinational recurrence as potentially reflecting vulnerabilities in global antibiotic production/distribution chains",SRC-PH-005,"Section 3 Discussion",peer-reviewed-journal,A-peer-reviewed,vulnerability,SOURCE_FACT,PharmaceuticalProductionChainVulnerability,Pharma/SupplyChain,CANDIDATE,disposition/situation candidate,pharma; supplychain,RECONCILE_BEFORE_CANONICAL
SRC-PH-005-C020,Distribution-chain vulnerability,"Discussion interpretation of multinational recurrence",SRC-PH-005,"Section 3 Discussion",peer-reviewed-journal,A-peer-reviewed,vulnerability,SOURCE_FACT,PharmaceuticalDistributionChainVulnerability,Pharma/SupplyChain,CANDIDATE,disposition/situation candidate,pharma; supplychain,RECONCILE_BEFORE_CANONICAL
SRC-PH-005-C021,Manufacturing capacity,"Paper discusses structural weaknesses potentially related to manufacturing capacity",SRC-PH-005,"Section 4.1 core-shortage rationale / Discussion",peer-reviewed-journal,A-peer-reviewed,capability,SOURCE_FACT,ManufacturingCapacity,Pharma,CANDIDATE,mode/capability candidate,pharma,CM_PHARME_MAPPING_REQUIRED
SRC-PH-005-C022,Market accessibility,"Structural weakness dimension in core-shortage rationale",SRC-PH-005,"Section 4.1",peer-reviewed-journal,A-peer-reviewed,value-condition,SOURCE_FACT,MarketAccessibilityCondition,Pharma/Health,CANDIDATE,quality/situation candidate,pharma; health,RECONCILE_BEFORE_CANONICAL
SRC-PH-005-C023,Medicine availability,"Paper frames continuous antibiotic availability as necessary for optimal healthcare-system function",SRC-PH-005,"Introduction; Abstract",peer-reviewed-journal,A-peer-reviewed,value-objective,SOURCE_FACT,MedicineAvailabilityCondition,Health/Pharma,CANDIDATE,quality/situation/value candidate,health; pharma,RECONCILE_BEFORE_CANONICAL
SRC-PH-005-C024,Healthcare-system functioning,"Continuous availability linked to optimal functioning",SRC-PH-005,"Introduction",peer-reviewed-journal,A-peer-reviewed,objective,SOURCE_FACT,HealthcareSystemFunctioningObjective,Health,CANDIDATE,goal/value candidate,health,RECONCILE_BEFORE_CANONICAL
SRC-PH-005-C025,Regulatory authority,"Authorities issue shortage alerts and operate public registries",SRC-PH-005,"Introduction; Section 4.1",peer-reviewed-journal,A-peer-reviewed,actor-role,SOURCE_FACT,ShortageMonitoringAuthorityRole,Governance/Pharma,CANDIDATE,role candidate,governance; pharma,CM_PHARME_MAPPING_REQUIRED
SRC-PH-005-C026,Shortage monitoring,"Need for coordinated monitoring of essential antibiotic availability",SRC-PH-005,"Abstract conclusion; policy implication",peer-reviewed-journal,A-peer-reviewed,activity,SOURCE_FACT,MedicineAvailabilityMonitoringActivity,Health/Pharma,CANDIDATE,perdurant/activity candidate,health; pharma,RECONCILE_BEFORE_CANONICAL
SRC-PH-005-C027,Shortage prevention,"Need for coordinated prevention/management strategies",SRC-PH-005,"Abstract conclusion",peer-reviewed-journal,A-peer-reviewed,treatment,SOURCE_FACT,ShortagePreventionActivity,Pharma/Health,CANDIDATE,perdurant/control candidate,pharma; health,ROSE_ALIGNMENT_REQUIRED
SRC-PH-005-C028,Shortage management,"Need for internationally coordinated strategies",SRC-PH-005,"Abstract conclusion",peer-reviewed-journal,A-peer-reviewed,treatment,SOURCE_FACT,ShortageManagementActivity,Pharma/Health,CANDIDATE,perdurant/activity candidate,pharma; health,RECONCILE_BEFORE_CANONICAL
SRC-PH-005-C029,Cross-jurisdiction data harmonization,"Records extracted and harmonized; INN discrepancies manually verified",SRC-PH-005,"Abstract; Section 4.1",peer-reviewed-journal,A-peer-reviewed,data-method,SOURCE_FACT,ShortageDataHarmonizationActivity,Pharma,METHOD_PROFILE,data-processing activity,pharma,RECONCILE_BEFORE_CANONICAL
SRC-PH-005-C030,Reporting-system transparency,"Countries selected for accessible/relatively well-structured public shortage registries",SRC-PH-005,"Section 4.1; limitations",peer-reviewed-journal,A-peer-reviewed,evidence-quality,SOURCE_FACT,ShortageReportingTransparencyCondition,Governance/Pharma,CANDIDATE,quality/situation candidate,governance; pharma,RECONCILE_BEFORE_CANONICAL
SRC-PH-005-C031,Reporting bias / monitoring attention,"Critical medicines may receive closer monitoring and thus higher likelihood of shortage reporting",SRC-PH-005,"Limitations",peer-reviewed-journal,A-peer-reviewed,evidence-bias,SOURCE_FACT,ShortageReportingAttentionBias,Core/Pharma,CANDIDATE,evidence-quality/bias candidate,pharma; cross-domain candidate,RECONCILE_BEFORE_CANONICAL
SRC-PH-005-C032,Causal-claim limitation,"Authors explicitly state association between critical status and recurrence should not be interpreted as direct causation",SRC-PH-005,"Limitations",peer-reviewed-journal,A-peer-reviewed,epistemic-constraint,SOURCE_FACT,CausalInferenceLimitation,Core,CANDIDATE,information/epistemic constraint,cross-domain,RECONCILE_BEFORE_CANONICAL
SRC-PH-005-C033,Generalizability limitation,"Results primarily reflect jurisdictions with functional public reporting; caution for LMIC generalization",SRC-PH-005,"Limitations",peer-reviewed-journal,A-peer-reviewed,evidence-scope,SOURCE_FACT,EvidenceGeneralizabilityConstraint,Core,CANDIDATE,information/epistemic constraint,cross-domain,RECONCILE_BEFORE_CANONICAL
SRC-PH-005-C034,Public primary dataset,"Article data-availability statement links primary data to Figshare share URL",SRC-PH-005,"Data Availability Statement",peer-reviewed-journal,A-peer-reviewed,provenance,SOURCE_FACT,PublicDatasetProvenance,Core,CANDIDATE,information/provenance candidate,cross-domain,DATASET_QUALIFICATION_REQUIRED
