trace_id,semantic_id,preferred_term,source_ids_locators,requirements,cqs,external_overlap,paper1_flag,reconstructability_note
CT-001,SR-CPT-001,Risk,SRC-ON-001 COVER; SRC-ON-002 ROSE; SRC-PA-005; SRC-PA-006; SRC-PA-015; SRC-ST-001; SRC-ST-002; SRC-OP-001,SR-REQ-001; SR-REQ-019,CQ-001; CQ-002; CQ-016,COVER primary; ROSE partial; ISO terminology,REQUIRED,Derived from G1+UL+#7; raw source terms remain in source-mining registries.
CT-002,SR-CPT-002,Risk Subject,COVER; ROSE; NIST 8286; SRC-PA-001; SRC-PH-001,SR-REQ-010,CQ-013; CQ-017,COVER value bearer/object patterns; external domain entities remain externally owned,REQUIRED,Derived from G1+UL+#7; raw source terms remain in source-mining registries.
CT-003,SR-CPT-003,Risk Source,NIST 8286; RisKG; SRC-PH-001; SRC-PH-004; SRC-PH-005; PA-006,SR-REQ-009,CQ-012; CQ-028,NIST/RisKG source concepts; ROSE threat-source overlap,REQUIRED,Derived from G1+UL+#7; raw source terms remain in source-mining registries.
CT-004,SR-CPT-004,Predisposing Condition,NIST 8286A; ROSE; SRC-PH-005; G1 REC-010,SR-REQ-009,CQ-012; CQ-028,NIST/ROSE vulnerability-condition patterns,REQUIRED,Derived from G1+UL+#7; raw source terms remain in source-mining registries.
CT-005,SR-CPT-005,Trigger,Risk IT; NIST; operational frameworks; G1 REC-010,SR-REQ-009,CQ-012,No single exact external owner; overlaps event/condition patterns,REQUIRED,Derived from G1+UL+#7; raw source terms remain in source-mining registries.
CT-006,SR-CPT-006,Risk Scenario,PA-005; PA-015; PA-006; NIST 8286A; SRC-OP-001; G1 REC-002,SR-REQ-002,CQ-003; CQ-004; CQ-021,Closest UFO/COVER programme scenario semantics,REQUIRED,Derived from G1+UL+#7; raw source terms remain in source-mining registries.
CT-007,SR-CPT-007,Risk Event,PA-005; PA-015; COVER; NIST; SRC-PH-001; SRC-PH-005; G1 REC-002,SR-REQ-002; SR-REQ-009,CQ-003; CQ-012; CQ-021,UFO/COVER event/occurrence patterns,REQUIRED,Derived from G1+UL+#7; raw source terms remain in source-mining registries.
CT-008,SR-CPT-008,Consequence,COVER; NIST; RISKMAN; SRC-PH-001; SRC-PH-004; SRC-PH-005; G1 REC-010,SR-REQ-009; SR-REQ-013,CQ-012; CQ-019,COVER consequence semantics; RISKMAN harm narrower,REQUIRED,Derived from G1+UL+#7; raw source terms remain in source-mining registries.
CT-009,SR-CPT-009,Vulnerability,ROSE; NIST; PA-006; SRC-PH-001; SRC-PH-005; G1 UL,SR-REQ-009,CQ-012,ROSE/NIST vulnerability semantics,REQUIRED,Derived from G1+UL+#7; raw source terms remain in source-mining registries.
CT-010,SR-CPT-010,Exposure,NIST; SRC-PA-001; SRC-PH-001; financial-risk evidence; G1 UL,SR-REQ-009; SR-REQ-013,CQ-012; CQ-019,NIST/financial/safety meanings partially overlap,REQUIRED,Derived from G1+UL+#7; raw source terms remain in source-mining registries.
CT-011,SR-CPT-011,Risk Assessment Activity,PA-006; RISKMAN; IOF Biopharma; NIST; SRC-OP-001; IEC 31010; G1 REC-004,SR-REQ-003; SR-REQ-012,CQ-005; CQ-006; CQ-015; CQ-022,IOF/RISKMAN/NIST assessment process,REQUIRED,Derived from G1+UL+#7; raw source terms remain in source-mining registries.
CT-012,SR-CPT-012,Risk Assessment Method,IEC 31010; PA-006; RISKMAN; IOF; NIST,SR-REQ-003; SR-REQ-012; SR-REQ-013,CQ-006; CQ-019; CQ-032,IEC 31010 and domain methods own specific techniques,REQUIRED,Derived from G1+UL+#7; raw source terms remain in source-mining registries.
CT-013,SR-CPT-013,Risk Assessment Result,SRC-OP-001; PA-006; IOF Biopharma; RISKMAN; NIST; IEC 31010; G1 REC-004; RiskHub,SR-REQ-003; SR-REQ-004; SR-REQ-012,CQ-005; CQ-006; CQ-007; CQ-015; CQ-022; CQ-031,IOF risk estimate/result; operational ratings,REQUIRED,Derived from G1+UL+#7; raw source terms remain in source-mining registries.
CT-014,SR-CPT-014,Likelihood Assessment Result,SRC-OP-001; NIST; IEC 31010; PA-006; PH-008; G1 REC-011,SR-REQ-013,CQ-019; CQ-032,NIST/IEC/operational scales,REQUIRED,Derived from G1+UL+#7; raw source terms remain in source-mining registries.
CT-015,SR-CPT-015,Impact Assessment Result,SRC-OP-001; NIST; IEC 31010; RISKMAN; PA-006; G1 REC-004,SR-REQ-013,CQ-019,NIST/IEC/RISKMAN severity semantics,REQUIRED,Derived from G1+UL+#7; raw source terms remain in source-mining registries.
CT-016,SR-CPT-016,Risk Level Assessment Result,SRC-OP-001; NIST; RISKMAN; PA-006; PH-008,SR-REQ-013,CQ-019; CQ-032,RISKMAN/NIST/risk matrices,OPTIONAL,Derived from G1+UL+#7; raw source terms remain in source-mining registries.
CT-017,SR-CPT-017,Inherent Risk Assessment Result,SRC-OP-001; NIST; G1 REC-005; UL,SR-REQ-004,CQ-007; CQ-023,Operational/NIST terminology,REQUIRED,Derived from G1+UL+#7; raw source terms remain in source-mining registries.
CT-018,SR-CPT-018,Residual Risk Assessment Result,SRC-OP-001; IOF Biopharma; NIST; G1 REC-005; UL,SR-REQ-004,CQ-007; CQ-023,IOF residual risk + operational semantics,REQUIRED,Derived from G1+UL+#7; raw source terms remain in source-mining registries.
CT-019,SR-CPT-019,Assessment Confidence,NIST; SRC-PH-005; evidence-quality sources; PA-015,SR-REQ-012,CQ-006; CQ-031,NIST/empirical confidence concepts,OPTIONAL,Derived from G1+UL+#7; raw source terms remain in source-mining registries.
CT-020,SR-CPT-020,Evidence Item,OpenPVSignal; SRC-PA-001; SRC-PH-004; SRC-PH-005; NIST; G1 REC-009,SR-REQ-008; SR-REQ-017,CQ-011; CQ-027; CQ-037,PROV/OpenPVSignal/GRC evidence patterns,REQUIRED,Derived from G1+UL+#7; raw source terms remain in source-mining registries.
CT-021,SR-CPT-021,Provenance,PROV-O via OpenPVSignal; SRC-PH-004; SRC-PH-005; G1 controls; source registry; dataset registry,SR-REQ-008; SR-REQ-017,CQ-011; CQ-027; CQ-037; CQ-038,PROV-O primary external standard/pattern,REQUIRED,Derived from G1+UL+#7; raw source terms remain in source-mining registries.
CT-022,SR-CPT-022,Observation Activity,PA-015; monitoring sources; OpenPVSignal; G1 REC-009,SR-REQ-008,CQ-011; CQ-030,Observation/monitoring ontology patterns to review under #21,OPTIONAL,Derived from G1+UL+#7; raw source terms remain in source-mining registries.
CT-023,SR-CPT-023,Observation Result,PA-015; OpenPVSignal; G1 REC-009; monitoring sources,SR-REQ-008,CQ-011; CQ-030,Observation/result patterns; OpenPVSignal evidence,OPTIONAL,Derived from G1+UL+#7; raw source terms remain in source-mining registries.
CT-024,SR-CPT-024,Indicator,Risk IT; GRC; monitoring literature; NIST,SR-REQ-008; SR-REQ-012,CQ-006,Risk IT/GRC KRI semantics,OPTIONAL,Derived from G1+UL+#7; raw source terms remain in source-mining registries.
CT-025,SR-CPT-025,Threshold,Risk IT; NIST; operational methods; IEC 31010,SR-REQ-013,CQ-019; CQ-032,Framework/method-specific,OPTIONAL,Derived from G1+UL+#7; raw source terms remain in source-mining registries.
CT-026,SR-CPT-026,Risk Treatment Strategy,ISO 31000; SRC-OP-001; PH-008; PA-006; GRC; G1 REC-008,SR-REQ-007,CQ-010; CQ-026,ISO treatment/response patterns,REQUIRED,Derived from G1+UL+#7; raw source terms remain in source-mining registries.
CT-027,SR-CPT-027,Risk Treatment Plan,SRC-OP-001; NIST; PH-008; GRC; G1 REC-008,SR-REQ-007,CQ-010; CQ-026,NIST/GRC plan structures,REQUIRED,Derived from G1+UL+#7; raw source terms remain in source-mining registries.
CT-028,SR-CPT-028,Risk Treatment Activity,ISO 31000; PH-008; ROSE; PA-006; SRC-OP-001; G1 REC-008,SR-REQ-007,CQ-010; CQ-026,ISO treatment process; ROSE prevention semantics,REQUIRED,Derived from G1+UL+#7; raw source terms remain in source-mining registries.
CT-029,SR-CPT-029,Control Mechanism,ROSE; SRC-PA-001; PA-006; RiskHub; SRC-OP-001; PH-008; G1 REC-008,SR-REQ-007; SR-REQ-010,CQ-010; CQ-013; CQ-026,ROSE Security Mechanism; GRC internal controls,REQUIRED,Derived from G1+UL+#7; raw source terms remain in source-mining registries.
CT-030,SR-CPT-030,Risk Owner,NIST RDR; SRC-OP-001; SRC-PA-001; Risk IT; G1 REC-007,SR-REQ-006,CQ-009; CQ-025,NIST/GRC role semantics,REQUIRED,Derived from G1+UL+#7; raw source terms remain in source-mining registries.
CT-031,SR-CPT-031,Risk Responsibility,NIST RDR; GRC; SRC-OP-001; Risk IT; G1 REC-007,SR-REQ-006,CQ-009; CQ-025,Governance responsibility patterns,REQUIRED,Derived from G1+UL+#7; raw source terms remain in source-mining registries.
CT-032,SR-CPT-032,Risk Register,NIST 8286; SRC-OP-001; RisKG; RiskHub; GRC,SR-REQ-001; SR-REQ-011,CQ-001; CQ-014; CQ-016,NIST 8286 primary authoritative register semantics,REQUIRED,Derived from G1+UL+#7; raw source terms remain in source-mining registries.
CT-033,SR-CPT-033,Risk Register Entry,NIST 8286; SRC-OP-001; RisKG; RiskHub; G1 REC-003; PA-001,SR-REQ-001; SR-REQ-011; SR-REQ-019,CQ-001; CQ-002; CQ-014; CQ-016; CQ-038,NIST RDR/Register; RisKG/RiskHub operational prior art,REQUIRED,Derived from G1+UL+#7; raw source terms remain in source-mining registries.
CT-034,SR-CPT-034,Scenario Description,NIST 8286A; SRC-OP-001; PA-005; G1 REC-002; UL,SR-REQ-002; SR-REQ-019,CQ-003; CQ-004; CQ-021; CQ-038,NIST risk description semantics,REQUIRED,Derived from G1+UL+#7; raw source terms remain in source-mining registries.
CT-035,SR-CPT-035,Risk State,NIST lifecycle; PA-015; G1 REC-006; UL,SR-REQ-005; SR-REQ-019,CQ-008; CQ-024; CQ-038,#25 foundational state treatment required,REQUIRED,Derived from G1+UL+#7; raw source terms remain in source-mining registries.
CT-036,SR-CPT-036,Workflow State,SRC-OP-001; NIST workflow; G1 REC-006; UL,SR-REQ-005; SR-REQ-011,CQ-008; CQ-014; CQ-024,Operational workflow semantics,REQUIRED,Derived from G1+UL+#7; raw source terms remain in source-mining registries.
CT-037,SR-CPT-037,Objective,GRC; NIST; RiskHub; PA-009; Risk IT,SR-REQ-010,CQ-013; CQ-017,Business/Enterprise ontology owner; SemRisk only links,REQUIRED,Derived from G1+UL+#7; raw source terms remain in source-mining registries.
CT-038,SR-CPT-038,Capability,PA-009; Enterprise architecture evidence; RiskHub,SR-REQ-010,CQ-013; CQ-017,Enterprise/Business ontology owner,REQUIRED,Derived from G1+UL+#7; raw source terms remain in source-mining registries.
CT-039,SR-CPT-039,Business Process,GRC; PA-009; RiskHub; SRC-PH-001; SRC-OP-001,SR-REQ-010,CQ-013; CQ-017,Business/process ontology owner,REQUIRED,Derived from G1+UL+#7; raw source terms remain in source-mining registries.
CT-040,SR-CPT-040,Active Pharmaceutical Ingredient,"SRC-PH-005; DS-004; Pharma literature; CM-PharmE v1.0.0 negative catalog check",SR-REQ-014; SR-REQ-015,CQ-020; CQ-033; CQ-034,"External Pharma terminology owner TBD; CM-PharmE v1.0.0 has no API/INN concept",OPTIONAL,"Derived from G1+UL+#7; #5 exact CM-PharmE catalog review corrected the earlier owner assumption."
CT-041,SR-CPT-041,Hazard,RISKMAN; ISO 14971; Health evidence,SR-REQ-020,CQ-039,RISKMAN/ISO14971,DEFERRED,Derived from G1+UL+#7; raw source terms remain in source-mining registries.
CT-042,SR-CPT-042,Harm,RISKMAN; ISO 14971; Health evidence,SR-REQ-020,CQ-039,RISKMAN/ISO14971,DEFERRED,Derived from G1+UL+#7; raw source terms remain in source-mining registries.
CT-043,SR-CPT-043,Signal,OpenPVSignal; SRC-PH-010; pharmacovigilance sources,SR-REQ-008; SR-REQ-020,CQ-030; CQ-039,OpenPVSignal primary comparator/owner for PV detail,OPTIONAL,Derived from G1+UL+#7; raw source terms remain in source-mining registries.
CT-044,SR-CPT-044,Risk Criteria,ISO 31000; Risk IT; NIST; UL,SR-REQ-013,CQ-019; CQ-032,ISO/Risk IT/NIST governance criteria,OPTIONAL,Derived from G1+UL+#7; raw source terms remain in source-mining registries.
CT-045,SR-CPT-045,Risk Appetite,Risk IT; COSO/ISO-aligned sources; SRC-OP-001,SR-REQ-013,CQ-019,External governance frameworks,OPTIONAL,Derived from G1+UL+#7; raw source terms remain in source-mining registries.
CT-046,SR-CPT-046,Risk Tolerance,Risk IT; ISO/COSO-aligned sources; UL,SR-REQ-013,CQ-019,External governance frameworks,OPTIONAL,Derived from G1+UL+#7; raw source terms remain in source-mining registries.
CT-047,SR-CPT-047,Risk Nature,SRC-OP-001; ISO/COSO-style sources; G1 REC-015,SR-REQ-018,CQ-019,#20/#25 must resolve polarity semantics,OPTIONAL,Derived from G1+UL+#7; raw source terms remain in source-mining registries.
