semantic_id,preferred_term,definition,source_native_aliases,scope,concept_status,source_count,source_ids_locators,evidence_strength,fact_or_design_decision,candidate_foundational_category,module_profile,reuse_align_new_defer_reject,external_overlap,relation_links_handoff,requirement_links,cq_links,paper1_flag,conflicts_uncertainty,lifecycle_version_status,inclusion_rationale
SR-CPT-001,Risk,"A context-dependent risk phenomenon or pattern concerning possible effects on value/objectives; distinct from records, descriptions, scores and workflow artifacts.",risk; risk item [source-overloaded],Core,CORE_V0_1,8,SRC-ON-001 COVER; SRC-ON-002 ROSE; SRC-PA-005; SRC-PA-006; SRC-PA-015; SRC-ST-001; SRC-ST-002; SRC-OP-001,A,DESIGN_DECISION_GROUNDED,risk pattern / relational context candidate,Core,ALIGN_AND_SPECIALIZE,COVER primary; ROSE partial; ISO terminology,to #20: concerns/is-about/affected-value,SR-REQ-001; SR-REQ-019,CQ-001; CQ-002; CQ-016,REQUIRED,Foundational category intentionally remains a derived pattern. Identity continuity follows the #69 contract; mutable record/assessment/state/ownership/treatment fields do not automatically define or replace Risk identity.,v0.1 PROVISIONAL_CANONICAL,Dominant Paper-1 semantic anchor; required by RQ1/C1 and cross-source reconciliation.
SR-CPT-002,Risk Subject,"An entity, value-bearing object or externally owned item about which risk relevance is asserted.",object at risk; asset; subject; affected entity,Core,CORE_V0_1,5,COVER; ROSE; NIST 8286; SRC-PA-001; SRC-PH-001,B+,DESIGN_DECISION_GROUNDED,endurant/object/value-bearer candidate,Core,ALIGN_GENERIC_EXTERNAL,COVER value bearer/object patterns; external domain entities remain externally owned,to #20: concerns/affects/exposed-to,SR-REQ-010,CQ-013; CQ-017,REQUIRED,Should remain minimal to avoid generic Object inflation; exact relation to Value/Objectives handled in #20/#25.,v0.1 PROVISIONAL_CANONICAL,Needed to connect risk semantics to externally owned domain/enterprise entities without copying their taxonomies.
SR-CPT-003,Risk Source,"A risk-relevant origin, source or contextual contributor that may participate in a scenario or event; causal status is not implied by the label alone.",source; driver; cause [overloaded]; origin,Core,CORE_V0_1,6,NIST 8286; RisKG; SRC-PH-001; SRC-PH-004; SRC-PH-005; PA-006,A-,DESIGN_DECISION_GROUNDED,role/context/source candidate,Core,ALIGN_AND_REFINE,NIST/RisKG source concepts; ROSE threat-source overlap,to #20: contributes-to/causes/associated-with,SR-REQ-009,CQ-012; CQ-028,REQUIRED,"Must not collapse Cause, Trigger, Threat and Predisposing Condition.",v0.1 PROVISIONAL_CANONICAL,"Cross-domain source semantics recur, but causal force varies; Core needs neutral anchor."
SR-CPT-004,Predisposing Condition,A contextual state-of-affairs or situational condition that increases susceptibility to a risk-relevant event/effect without necessarily directly causing it.,condition; enabling condition; susceptibility condition,Core,CORE_V0_1,4,NIST 8286A; ROSE; SRC-PH-005; G1 REC-010,B+,DESIGN_DECISION_GROUNDED,quality/disposition/state candidate,Core,ALIGN_AND_REFINE,NIST/ROSE vulnerability-condition patterns,to #20: predisposes/enables,SR-REQ-009,CQ-012; CQ-028,REQUIRED,Boundary with Vulnerability is foundationally frozen: Predisposing Condition is situational; intrinsic disposition-like susceptibility maps to Vulnerability or an explicit profile refinement.,v0.1 PROVISIONAL_CANONICAL,Needed to preserve non-causal enabling semantics in causal-chain modeling.
SR-CPT-005,Trigger,An occurrence acting as the initiating event for a risk-relevant event or process transition; an enabling condition is represented separately as a Predisposing Condition.,trigger; triggering event; threshold trigger,Core,CORE_V0_1,4,Risk IT; NIST; operational frameworks; G1 REC-010,B,DESIGN_DECISION_GROUNDED,event/condition role candidate,Core,LOCAL_PATTERN_ALIGN_LATER,No single exact external owner; overlaps event/condition patterns,to #20: triggers,SR-REQ-009,CQ-012,REQUIRED,"May be event, threshold condition or role depending context; #20 must model relation semantics carefully. Run 4: event-only definition clarified; successor formal bundle 0.2.0-rc.1 carries the matching annotation; frozen 0.1.0-rc.1 retained.",v0.1 PROVISIONAL_CANONICAL,"Required to avoid conflating cause, condition and trigger in source→event chains."
SR-CPT-006,Risk Scenario,"A possible or hypothesized risk-relevant configuration or event pattern used for analysis, distinct from descriptions and realized events.",scenario; possible event; risk scenario,Core,CORE_V0_1,6,PA-005; PA-015; PA-006; NIST 8286A; SRC-OP-001; G1 REC-002,A,DESIGN_DECISION_GROUNDED,possible event/type/situation candidate,Core,ALIGN_AND_REFINE,Closest UFO/COVER programme scenario semantics,to #20: described-by/realized-by,SR-REQ-002,CQ-003; CQ-004; CQ-021,REQUIRED,Foundational treatment of possibility/type vs situation requires #25.,v0.1 PROVISIONAL_CANONICAL,One of the paper's claim-critical distinctions.
SR-CPT-007,Risk Event,"A realized occurrence relevant to a risk context, distinct from a possible scenario and information artifacts describing it.",event; incident; disruption; failure,Core,CORE_V0_1,7,PA-005; PA-015; COVER; NIST; SRC-PH-001; SRC-PH-005; G1 REC-002,A,DESIGN_DECISION_GROUNDED,event/perdurant candidate,Core,ALIGN_FOUNDATIONAL,UFO/COVER event/occurrence patterns,to #20: realizes/has-consequence,SR-REQ-002; SR-REQ-009,CQ-003; CQ-012; CQ-021,REQUIRED,Incident may be a profile refinement; event type vs occurrence requires #25.,v0.1 PROVISIONAL_CANONICAL,Required to prevent scenario/incident/record conflation.
SR-CPT-008,Consequence,A risk-relevant outcome or effect of an event/scenario; its magnitude/severity may be assessed separately.,consequence; outcome; effect; harm [narrower],Core,CORE_V0_1,7,COVER; NIST; RISKMAN; SRC-PH-001; SRC-PH-004; SRC-PH-005; G1 REC-010,A,DESIGN_DECISION_GROUNDED,event/outcome/situation candidate,Core,ALIGN_AND_REFINE,COVER consequence semantics; RISKMAN harm narrower,to #20: consequence-of/affects,SR-REQ-009; SR-REQ-013,CQ-012; CQ-019,REQUIRED,Must remain distinct from Impact Assessment Result.,v0.1 PROVISIONAL_CANONICAL,Cross-domain outcome semantics required by causal chain and assessment distinction.
SR-CPT-009,Vulnerability,A disposition or condition that increases susceptibility to a risk-relevant event/effect.,vulnerability; weakness; susceptibility,Core,CORE_V0_1,6,ROSE; NIST; PA-006; SRC-PH-001; SRC-PH-005; G1 UL,A-,DESIGN_DECISION_GROUNDED,disposition candidate,Core,ALIGN_AND_REFINE,ROSE/NIST vulnerability semantics,to #20: vulnerability-of/increases-susceptibility,SR-REQ-009,CQ-012,REQUIRED,Cross-domain polysemy remains; profile refinements required.,v0.1 PROVISIONAL_CANONICAL,Mandatory semantic family and cross-domain stress-test concept.
SR-CPT-010,Exposure,A context-dependent condition or relation indicating how a subject/value is exposed to a risk-relevant source/event; assessment scores remain separate.,exposure; amount at risk; exposure rating [method-specific],Core,CORE_V0_1,5,NIST; SRC-PA-001; SRC-PH-001; financial-risk evidence; G1 UL,B+,DESIGN_DECISION_GROUNDED,relation/quality candidate,Core,LOCAL_PATTERN_WITH_PROFILE_REFINEMENTS,NIST/financial/safety meanings partially overlap,to #20: exposed-to,SR-REQ-009; SR-REQ-013,CQ-012; CQ-019,REQUIRED,"Financial amount, physical exposure and exposure rating must not be unified without explicit mapping.",v0.1 PROVISIONAL_CANONICAL,Required semantic family; retained as deliberately abstract cross-domain anchor.
SR-CPT-011,Risk Assessment Activity,"An activity applying a method, context and evidence to produce one or more risk assessment results.",assessment; analysis; risk assessment process,Core,CORE_V0_1,7,PA-006; RISKMAN; IOF Biopharma; NIST; SRC-OP-001; IEC 31010; G1 REC-004,A,DESIGN_DECISION_GROUNDED,activity/process candidate,Core,ALIGN_AND_REFINE,IOF/RISKMAN/NIST assessment process,to #20: assesses/uses-method/produces-result,SR-REQ-003; SR-REQ-012,CQ-005; CQ-006; CQ-015; CQ-022,REQUIRED,Must never merge with result.,v0.1 PROVISIONAL_CANONICAL,Claim-critical process/result distinction.
SR-CPT-012,Risk Assessment Method,A method or technique governing how assessment evidence/context is transformed into one or more assessment results.,assessment method; technique; risk analysis method,Core/Method,CORE_SUPPORT_V0_1,5,IEC 31010; PA-006; RISKMAN; IOF; NIST,A-,DESIGN_DECISION_GROUNDED,information/method specification candidate,Method,ALIGN_GENERIC_METHOD,IEC 31010 and domain methods own specific techniques,to #20: used-by assessment,SR-REQ-003; SR-REQ-012; SR-REQ-013,CQ-006; CQ-019; CQ-032,REQUIRED,"Specific algorithms/scales remain Method profile, not Core subclasses.",v0.1 PROVISIONAL_CANONICAL,Needed to contextualize result semantics and prevent scale equivalence.
SR-CPT-013,Risk Assessment Result,"A contextual, time-bound information/measurement result produced by a Risk Assessment Activity concerning a risk subject/context.",assessment result; rating; score; estimate,Core,CORE_V0_1,8,SRC-OP-001; PA-006; IOF Biopharma; RISKMAN; NIST; IEC 31010; G1 REC-004; RiskHub,A,DESIGN_DECISION_GROUNDED,information/measurement result candidate,Core,ALIGN_AND_REFINE,IOF risk estimate/result; operational ratings,to #20: result-of/concerns/valid-at,SR-REQ-003; SR-REQ-004; SR-REQ-012,CQ-005; CQ-006; CQ-007; CQ-015; CQ-022; CQ-031,REQUIRED,Exact result typing/quality/value representation deferred to #20/#26.,v0.1 PROVISIONAL_CANONICAL,Core anchor for likelihood/impact/inherent/residual separation.
SR-CPT-014,Likelihood Assessment Result,An assessment result concerning estimated likelihood/probability/frequency under a specified method and context.,likelihood; probability rating; frequency rating,Core,CORE_REFINEMENT_V0_1,6,SRC-OP-001; NIST; IEC 31010; PA-006; PH-008; G1 REC-011,A-,DESIGN_DECISION_GROUNDED,assessment-result refinement,Core,ALIGN_GENERIC_RESULT,NIST/IEC/operational scales,to #20: refinement of assessment result,SR-REQ-013,CQ-019; CQ-032,REQUIRED,Likelihood/probability/frequency are related but not universally equivalent.,v0.1 PROVISIONAL_CANONICAL,Required to answer CQ family while keeping methods/scales external.
SR-CPT-015,Impact Assessment Result,An assessment result concerning magnitude/severity of effects under a specified assessment method/context.,impact; consequence severity; harm severity,Core,CORE_REFINEMENT_V0_1,6,SRC-OP-001; NIST; IEC 31010; RISKMAN; PA-006; G1 REC-004,A-,DESIGN_DECISION_GROUNDED,assessment-result refinement,Core,ALIGN_GENERIC_RESULT,NIST/IEC/RISKMAN severity semantics,to #20: refinement of assessment result,SR-REQ-013,CQ-019,REQUIRED,Must remain distinct from Consequence/Harm entity.,v0.1 PROVISIONAL_CANONICAL,Required to preserve outcome/result distinction.
SR-CPT-016,Risk Level Assessment Result,A method-dependent overall risk rating/level produced from assessment evidence/results.,risk level; risk score; rating; exposure rating,Core/Method,CORE_SUPPORT_V0_1,5,SRC-OP-001; NIST; RISKMAN; PA-006; PH-008,B+,DESIGN_DECISION_GROUNDED,assessment-result refinement,Method,ALIGN_METHOD_DEPENDENT,RISKMAN/NIST/risk matrices,to #20: derived-from likelihood/impact or method inputs,SR-REQ-013,CQ-019; CQ-032,OPTIONAL,Formula/ordinal semantics are method-specific; no universal derivation rule.,v0.1 PROVISIONAL_CANONICAL,"Mandatory semantic family, but method semantics must remain separate from Core identity."
SR-CPT-017,Inherent Risk Assessment Result,A risk assessment result representing a pre-treatment/pre-control assessment context.,inherent risk; gross risk; pre-control risk,Core/Method,CORE_REFINEMENT_V0_1,4,SRC-OP-001; NIST; G1 REC-005; UL,A-,DESIGN_DECISION_GROUNDED,assessment-result refinement,Core,LOCAL_REFINEMENT,Operational/NIST terminology,to #20: assessed-under pre-treatment context,SR-REQ-004,CQ-007; CQ-023,REQUIRED,Not a separate timeless Risk entity by default.,v0.1 PROVISIONAL_CANONICAL,Claim-critical anti-conflation.
SR-CPT-018,Residual Risk Assessment Result,A risk assessment result representing a post-treatment/control assessment context.,residual risk; remaining risk; post-control risk,Core/Method,CORE_REFINEMENT_V0_1,5,SRC-OP-001; IOF Biopharma; NIST; G1 REC-005; UL,A,DESIGN_DECISION_GROUNDED,assessment-result refinement,Core,ALIGN_AND_REFINE,IOF residual risk + operational semantics,to #20: assessed-under post-treatment context,SR-REQ-004,CQ-007; CQ-023,REQUIRED,Not a second underlying Risk by default.,v0.1 PROVISIONAL_CANONICAL,Claim-critical anti-conflation and current formal Pharma prior art.
SR-CPT-019,Assessment Confidence,An information qualification stating confidence or uncertainty in a specified assessment result under a stated basis; it is distinct from estimated likelihood and from an intrinsic quality of the risk.,confidence; certainty; uncertainty level; evidence confidence,Core/Method,CORE_SUPPORT_V0_1,4,NIST; SRC-PH-005; evidence-quality sources; PA-015,B,DESIGN_DECISION_GROUNDED,quality/assessment-result qualifier candidate,Method,LOCAL_PATTERN_ALIGN_LATER,NIST/empirical confidence concepts,to #20: qualifies assessment result/evidence,SR-REQ-012,CQ-006; CQ-031,OPTIONAL,Confidence and uncertainty are not assumed inverses or single scale.,v0.1 PROVISIONAL_CANONICAL,Needed for auditable assessment context but not central novelty.
SR-CPT-020,Evidence Item,"An information artifact used in context to support, challenge or contextualize a risk-related assertion, assessment or decision.",evidence; supporting information; compliance evidence; expert evidence,Core,CORE_V0_1,6,OpenPVSignal; SRC-PA-001; SRC-PH-004; SRC-PH-005; NIST; G1 REC-009,A,DESIGN_DECISION_GROUNDED,information artifact / evidence-role bearer candidate,Core,ALIGN_AND_REFINE,PROV/OpenPVSignal/GRC evidence patterns,to #20: supports/challenges/evidence-for,SR-REQ-008; SR-REQ-017,CQ-011; CQ-027; CQ-037,REQUIRED,Evidence is role-dependent; same artifact may have other identities.,v0.1 PROVISIONAL_CANONICAL,Required for provenance/reassessment and claim traceability.
SR-CPT-021,Provenance,"Information about origin, derivation, version, agent, time and transformation history of an artifact/assertion/result.",source lineage; derivation; data provenance,Core,CORE_V0_1,6,PROV-O via OpenPVSignal; SRC-PH-004; SRC-PH-005; G1 controls; source registry; dataset registry,A,DESIGN_DECISION_GROUNDED,provenance information pattern,Core,REUSE_ALIGN,PROV-O primary external standard/pattern,to #20: derived-from/attributed-to/generated-at,SR-REQ-008; SR-REQ-017,CQ-011; CQ-027; CQ-037; CQ-038,REQUIRED,Prefer reuse/alignment to PROV-O over local reinvention.,v0.1 PROVISIONAL_CANONICAL,Release/source-to-claim reconstructability depends on provenance.
SR-CPT-022,Observation Activity,An activity that observes/measures risk-relevant phenomena and may produce observation results.,observation; monitoring; measurement activity,Core,CORE_V0_1,4,PA-015; monitoring sources; OpenPVSignal; G1 REC-009,B+,DESIGN_DECISION_GROUNDED,activity candidate,Core,ALIGN_AND_REFINE,Observation/monitoring ontology patterns to review under #21,to #20: observes/produces observation result,SR-REQ-008,CQ-011; CQ-030,OPTIONAL,Monitoring may include broader process semantics; exact alignment pending.,v0.1 PROVISIONAL_CANONICAL,Needed to distinguish evidence/result from observation activity.
SR-CPT-023,Observation Result,An information/measurement result produced by an observation/monitoring activity and potentially used as evidence.,observation; measured value; monitoring result,Core,CORE_V0_1,4,PA-015; OpenPVSignal; G1 REC-009; monitoring sources,B+,DESIGN_DECISION_GROUNDED,measurement/result candidate,Core,ALIGN_AND_REFINE,Observation/result patterns; OpenPVSignal evidence,to #20: result-of/may-support,SR-REQ-008,CQ-011; CQ-030,OPTIONAL,Must not be automatically identical to Evidence Item; evidence role is contextual.,v0.1 PROVISIONAL_CANONICAL,Supports evidence/observation separation.
SR-CPT-024,Indicator,A versioned specification of what is observed or computed to monitor a risk-relevant condition; each observation value or result is distinct from this specification.,indicator; key risk indicator; KRI,Core/Method,CORE_SUPPORT_V0_1,4,Risk IT; GRC; monitoring literature; NIST,B,DESIGN_DECISION_GROUNDED,information artifact/measure specification candidate,Method/Governance,ALIGN_GENERIC,Risk IT/GRC KRI semantics,to #20: indicates/monitors,SR-REQ-008; SR-REQ-012,CQ-006,OPTIONAL,Specific KRI formulas/thresholds stay profile/method-level.,v0.1 PROVISIONAL_CANONICAL,"Mandatory semantic family, useful for later monitoring without claiming dynamic platform."
SR-CPT-025,Threshold,"A versioned decision-boundary specification used with an indicator or assessment method; its comparison operator, scale, unit and applicability belong to the selected application profile, not to a universal risk formula.",threshold; limit; trigger threshold; tolerance limit,Method/Governance,METHOD_PROFILE_V0_1,4,Risk IT; NIST; operational methods; IEC 31010,B,DESIGN_DECISION_GROUNDED,criterion/value candidate,Method/Governance,DEFER_TO_METHOD_PROFILE,Framework/method-specific,to #20: threshold-for/triggered-by,SR-REQ-013,CQ-019; CQ-032,OPTIONAL,Not Core class/value vocabulary by default.,v0.1 PROFILE_CANONICAL,Required family but method-specific identity argues against Core membership.
SR-CPT-026,Risk Treatment Strategy,A decision/information artifact specifying a high-level selected approach for addressing a risk.,response strategy; mitigation strategy; avoid; accept; transfer; reduce,Core/Governance,CORE_V0_1,6,ISO 31000; SRC-OP-001; PH-008; PA-006; GRC; G1 REC-008,A-,DESIGN_DECISION_GROUNDED,information/decision artifact candidate,Core/Governance,ALIGN_AND_REFINE,ISO treatment/response patterns,to #20: strategy-for/realized-by plan,SR-REQ-007,CQ-010; CQ-026,REQUIRED,Framework labels vary; value sets stay Governance/Method.,v0.1 PROVISIONAL_CANONICAL,Claim-critical strategy/plan/activity/control distinction.
SR-CPT-027,Risk Treatment Plan,"An information artifact specifying planned treatment activities, responsibilities, timing or resources.",treatment plan; mitigation plan; response plan; contingency plan,Core/Enterprise,CORE_V0_1,5,SRC-OP-001; NIST; PH-008; GRC; G1 REC-008,A-,DESIGN_DECISION_GROUNDED,plan/information artifact candidate,Core/Enterprise,LOCAL_PATTERN_ALIGN_LATER,NIST/GRC plan structures,to #20: implements strategy/specifies activities,SR-REQ-007,CQ-010; CQ-026,REQUIRED,Contingency Plan may be a specialization.,v0.1 PROVISIONAL_CANONICAL,Separates intended actions from execution and mechanisms.
SR-CPT-028,Risk Treatment Activity,"An activity performed to modify risk-relevant conditions, likelihood, consequences or preparedness.",mitigation action; response activity; prevention activity,Core,CORE_V0_1,6,ISO 31000; PH-008; ROSE; PA-006; SRC-OP-001; G1 REC-008,A-,DESIGN_DECISION_GROUNDED,activity/process candidate,Core,ALIGN_AND_REFINE,ISO treatment process; ROSE prevention semantics,to #20: executes plan/uses control,SR-REQ-007,CQ-010; CQ-026,REQUIRED,Activity must not be collapsed into persistent Control Mechanism.,v0.1 PROVISIONAL_CANONICAL,Claim-critical activity/mechanism distinction.
SR-CPT-029,Control Mechanism,"A persistent mechanism, capability or implemented measure used in prevention, detection, protection or risk treatment.",control; internal control; automated control; security mechanism,Core/Governance,CORE_V0_1,7,ROSE; SRC-PA-001; PA-006; RiskHub; SRC-OP-001; PH-008; G1 REC-008,A,DESIGN_DECISION_GROUNDED,mechanism/disposition/capability candidate,Core/Governance,ALIGN_EXTERNAL_BEFORE_NEW,ROSE Security Mechanism; GRC internal controls,to #20: controls/protects/used-by treatment,SR-REQ-007; SR-REQ-010,CQ-010; CQ-013; CQ-026,REQUIRED,Exact ROSE reuse vs local superpattern owned by #21; do not declare novel yet.,v0.1 PROVISIONAL_CANONICAL,Cross-domain operational control semantics required by C1/C2.
SR-CPT-030,Risk Owner,"A context-dependent role classification of persons, organizations or other eligible external actors bearing specified risk-management responsibilities; bearer identity is supplied by the external actor kinds, not by ownership.",owner; owning unit; accountable actor,Core/Enterprise,CORE_V0_1,5,NIST RDR; SRC-OP-001; SRC-PA-001; Risk IT; G1 REC-007,A,DESIGN_DECISION_GROUNDED,role candidate,Core/Enterprise,ALIGN_ROLE_PATTERN,NIST/GRC role semantics,to #20: borne-by/responsible-for,SR-REQ-006,CQ-009; CQ-025,REQUIRED,"Must remain role, not person/org subtype.",v0.1 PROVISIONAL_CANONICAL,Claim-critical responsibility distinction.
SR-CPT-031,Risk Responsibility,"A concrete responsibility/accountability assignment context that depends on an Actor/role bearer and any modeled governance participants, and is about the Risk, artifact, plan or obligation it concerns.",responsibility; accountability; assignment,Core/Governance,CORE_V0_1,5,NIST RDR; GRC; SRC-OP-001; Risk IT; G1 REC-007,A-,DESIGN_DECISION_GROUNDED,relator/normative assignment candidate,Core/Governance,LOCAL_PATTERN_ALIGN_LATER,Governance responsibility patterns,to #20: assigns/binds actor-role-obligation,SR-REQ-006,CQ-009; CQ-025,REQUIRED,Mediation applies to endurant participants; Risk is an aboutness/assignment target under the #71 grounding contract. Responsibility vs accountability may require later subpattern.,v0.1 PROVISIONAL_CANONICAL,Separates role from assignment relation/context without forcing Risk to be a mediated endurant.
SR-CPT-032,Risk Register,A managed repository/collection of Risk Register Entries for a defined organizational or analytical scope.,risk register; central risk repository,Enterprise,ENTERPRISE_PROFILE_V0_1,5,NIST 8286; SRC-OP-001; RisKG; RiskHub; GRC,A,SOURCE_GROUNDED,information collection/repository candidate,Enterprise,ALIGN_AUTHORITATIVE,NIST 8286 primary authoritative register semantics,to #20: contains entry,SR-REQ-001; SR-REQ-011,CQ-001; CQ-014; CQ-016,REQUIRED,Not a collection of real-world Risk phenomena by identity.,v0.1 PROFILE_CANONICAL,"Required operational application concept, not necessarily Core universal."
SR-CPT-033,Risk Register Entry,"A governed information artifact in a risk register recording risk-related description, assessments, ownership, treatment and workflow information.",risk record; register row; risk item; RDR summary item,Core/Enterprise,CORE_INFORMATION_ARTIFACT_V0_1,6,NIST 8286; SRC-OP-001; RisKG; RiskHub; G1 REC-003; PA-001,A,DESIGN_DECISION_GROUNDED,information artifact candidate,Core/Enterprise,ALIGN_AND_REFINE,NIST RDR/Register; RisKG/RiskHub operational prior art,to #20: records/refers-to/has-workflow-state,SR-REQ-001; SR-REQ-011; SR-REQ-019,CQ-001; CQ-002; CQ-014; CQ-016; CQ-038,REQUIRED,Preferred term is register-specific; Risk Record retained as alias/family.,v0.1 PROVISIONAL_CANONICAL,Dominant operational-information distinction in Paper 1.
SR-CPT-034,Scenario Description,"An information artifact describing a Risk Scenario, event chain, assumptions or consequences.",risk description; scenario narrative; risk narrative,Core/Enterprise,CORE_INFORMATION_ARTIFACT_V0_1,5,NIST 8286A; SRC-OP-001; PA-005; G1 REC-002; UL,A,DESIGN_DECISION_GROUNDED,information artifact candidate,Core/Enterprise,LOCAL_PATTERN_ALIGN_LATER,NIST risk description semantics,to #20: describes scenario,SR-REQ-002; SR-REQ-019,CQ-003; CQ-004; CQ-021; CQ-038,REQUIRED,Never infer description identity = scenario/event identity.,v0.1 PROVISIONAL_CANONICAL,Claim-critical information-artifact distinction.
SR-CPT-035,Risk State,"A time- and context-bound state-of-affairs concerning the governed Risk context, distinct from assessment results, record/workflow progression and management/monitoring classifications.",risk state; risk-relevant situation,Core,CORE_V0_1,4,NIST lifecycle; PA-015; G1 REC-006; UL,B+,DESIGN_DECISION_GROUNDED,state/situation candidate,Core,LOCAL_PATTERN_FOUNDATIONALIZE,#70 semantic boundary; #25 foundational state treatment,to #20: valid-during/transitions-to,SR-REQ-005; SR-REQ-019,CQ-008; CQ-024; CQ-038,REQUIRED,"Core Risk State is reserved for situational state-of-affairs. Workflow, management-attention, escalation and monitoring labels remain outside Core unless a later profile introduces them explicitly.",v0.1 PROVISIONAL_CANONICAL,Required to prevent workflow/management progression from implying a real-world risk-state change.
SR-CPT-036,Workflow State,"A state of a management record/process indicating processing/progression, independent from the existence/state of the underlying risk.",status; open; analyzed; treated; closed; completed; reviewed; ready,Enterprise/Data,ENTERPRISE_PROFILE_V0_1,4,SRC-OP-001; NIST workflow; G1 REC-006; UL,A-,DESIGN_DECISION_GROUNDED,information/workflow state candidate,Enterprise,PROFILE_ONLY,Operational workflow semantics,to #20: state-of register/workflow,SR-REQ-005; SR-REQ-011,CQ-008; CQ-014; CQ-024,REQUIRED,"Specific values remain operational vocabulary, not Core subclasses.",v0.1 PROFILE_CANONICAL,Explicitly profile-level to protect Core from source workflow enumeration.
SR-CPT-037,Objective,An externally owned enterprise/governance objective that may be affected by or provide context for risk.,objective; goal,Enterprise external,EXTERNAL_OWNER_REFERENCE,5,GRC; NIST; RiskHub; PA-009; Risk IT,A-,EXTERNAL_FACT,external enterprise/governance entity,Enterprise,EXTERNAL_OWNER,Business/Enterprise ontology owner; SemRisk only links,to #20: affected-by/concerned-by,SR-REQ-010,CQ-013; CQ-017,REQUIRED,Not SemRisk Core-owned.,v0.1 EXTERNAL_REFERENCE,Needed for C2 but explicitly outside SemRisk ownership.
SR-CPT-038,Capability,An externally owned enterprise capability that may be exposed to/affected by risk.,capability; business capability,Enterprise external,EXTERNAL_OWNER_REFERENCE,3,PA-009; Enterprise architecture evidence; RiskHub,B+,EXTERNAL_FACT,external enterprise architecture entity,Enterprise/Architecture,EXTERNAL_OWNER,Enterprise/Business ontology owner,to #20: affected-by/exposed-to,SR-REQ-010,CQ-013; CQ-017,REQUIRED,Not SemRisk Core-owned.,v0.1 EXTERNAL_REFERENCE,Required for C2 linkage while preserving external ownership.
SR-CPT-039,Business Process,"An externally owned process/business activity context that may generate, encounter or be affected by risk.",process; business process,Enterprise external,EXTERNAL_OWNER_REFERENCE,5,GRC; PA-009; RiskHub; SRC-PH-001; SRC-OP-001,A-,EXTERNAL_FACT,external process entity,Enterprise/Architecture,EXTERNAL_OWNER,Business/process ontology owner,to #20: affected-by/generates/exposed-to,SR-REQ-010,CQ-013; CQ-017,REQUIRED,Risk Assessment/Treatment Activities remain SemRisk activities; business process taxonomy does not.,v0.1 EXTERNAL_REFERENCE,Required C2 context without ownership inflation.
SR-CPT-040,Active Pharmaceutical Ingredient,A pharmaceutical ingredient/entity referenced in Pharma shortage evidence; the frozen CM-PharmE v1.0.0 catalog does not contain an API/INN concept.,API; active ingredient; INN context,Pharma external,EXTERNAL_OWNER_REFERENCE_UNMAPPED,3,SRC-PH-005; DS-004; Pharma literature,A,EXTERNAL_FACT,external Pharma entity,Pharma,EXTERNAL_OWNER_TBD,CM-PharmE v1.0.0 explicitly checked and does not contain API/INN; terminology owner TBD,to #5/#28: retain unmapped/external terminology status,SR-REQ-014; SR-REQ-015,CQ-020; CQ-033; CQ-034,OPTIONAL,Do not mint duplicate SemRisk Core class; do not attribute API ownership to CM-PharmE v1.0.0.,v0.1 EXTERNAL_REFERENCE_CORRECTED,"Retained as a source-grounded Pharma data/profile concept and explicit terminology gap, not a CM-PharmE federation exemplar."
SR-CPT-041,Hazard,A potential source of harm under safety/medical-device semantics.,hazard; hazardous source,Health external/profile,PROFILE_DEFERRED,3,RISKMAN; ISO 14971; Health evidence,A,SOURCE_GROUNDED,profile safety source candidate,Health,ALIGN_RISKMAN_ISO14971,RISKMAN/ISO14971,to #20 if Health scope activated,SR-REQ-020,CQ-039,DEFERRED,Full Health profile outside Paper 1.,v0.1 DEFERRED_PROFILE,Must be visible but not leak into Core from medical-device semantics.
SR-CPT-042,Harm,A negative consequence affecting an entity/value under safety/medical-device semantics.,harm; injury; damage,Health external/profile,PROFILE_DEFERRED,3,RISKMAN; ISO 14971; Health evidence,A,SOURCE_GROUNDED,negative consequence profile candidate,Health,ALIGN_RISKMAN_ISO14971,RISKMAN/ISO14971,to #20 if Health scope activated,SR-REQ-020,CQ-039,DEFERRED,Narrower than generic Consequence; full Health profile deferred.,v0.1 DEFERRED_PROFILE,Preserves prior-art/profile semantics without inflating Core.
SR-CPT-043,Signal,An information-level indication suggesting a potentially important risk-relevant pattern requiring assessment; detailed semantics are domain-specific.,signal; safety signal; pharmacovigilance signal,Pharma profile,PROFILE_OPTIONAL,3,OpenPVSignal; SRC-PH-010; pharmacovigilance sources,A-,SOURCE_GROUNDED,information artifact/profile signal candidate,Pharma,ALIGN_OPENPVSIGNAL,OpenPVSignal primary comparator/owner for PV detail,to #20/#5 profile relations,SR-REQ-008; SR-REQ-020,CQ-030; CQ-039,OPTIONAL,Not synonym of Risk/Event/Evidence; detailed PV runtime outside Paper 1.,v0.1 PROFILE_OPTIONAL,Useful bounded profile distinction and future Risk Intelligence bridge.
SR-CPT-044,Risk Criteria,"Information/decision criteria used to evaluate significance, acceptability or treatment choices in a specified governance/method context.",risk criteria; acceptance criteria,Governance/Method,PROFILE_SUPPORT,4,ISO 31000; Risk IT; NIST; UL,A-,SOURCE_GROUNDED,criterion/information candidate,Governance/Method,ALIGN_FRAMEWORK_SPECIFIC,ISO/Risk IT/NIST governance criteria,to #20: applied-in assessment/decision,SR-REQ-013,CQ-019; CQ-032,OPTIONAL,Threshold values/scales remain method-specific.,v0.1 PROFILE_CANONICAL,Needed for method/governance context but not Core identity anchor.
SR-CPT-045,Risk Appetite,"A governance-level expression of the type/amount of risk an organization is prepared to pursue or retain, under a specified framework.",risk appetite,Governance,PROFILE_SUPPORT,3,Risk IT; COSO/ISO-aligned sources; SRC-OP-001,B+,SOURCE_GROUNDED,governance information/stance candidate,Governance,ALIGN_FRAMEWORK_SPECIFIC,External governance frameworks,to #20: constrains criteria/treatment decision,SR-REQ-013,CQ-019,OPTIONAL,Framework-specific definitions; not intrinsic Risk property.,v0.1 PROFILE_CANONICAL,Mandatory terminology family but not a universal Core concept.
SR-CPT-046,Risk Tolerance,A governance/method expression of permitted variation/bounds around objectives or risk criteria in a specified framework.,risk tolerance; acceptable variation,Governance,PROFILE_SUPPORT,3,Risk IT; ISO/COSO-aligned sources; UL,B+,SOURCE_GROUNDED,governance criterion candidate,Governance,ALIGN_FRAMEWORK_SPECIFIC,External governance frameworks,to #20: refines criteria,SR-REQ-013,CQ-019,OPTIONAL,Do not merge with appetite.,v0.1 PROFILE_CANONICAL,Preserves framework distinction and keeps numeric thresholds out of Core.
SR-CPT-047,Risk Nature,A polarity/classification construct expressing threat/opportunity framing without asserting separate universal Risk identities.,risk nature; threat/opportunity polarity,Core/Method,UNRESOLVED_CANDIDATE,3,SRC-OP-001; ISO/COSO-style sources; G1 REC-015,B,DESIGN_DECISION_GROUNDED,classification candidate,Method/Governance,DEFER_IDENTITY_TO_W2,#20/#25 must resolve polarity semantics,to #20: classifies risk/context,SR-REQ-018,CQ-019,OPTIONAL,Threat/opportunity identity remains open; Critical only if manuscript claims it.,v0.1 UNRESOLVED_NONBLOCKING,Keeps source vocabulary visible without premature subclassing.
