rel_id,label,definition,domain_candidate,range_candidate,semantic_category,provenance,ownership,inverse_candidate,symmetry_candidate,transitivity_candidate,functionality_candidate,cardinality_candidate,foundational_category_candidate,formal_home_candidate,temporal_semantics,requirements,cqs,external_overlap,conflicts_uncertainty,status
SR-REL-001,concernsRisk,Links a Risk Register Entry or Scenario Description to the Risk it concerns.,SR-CPT-033 or SR-CPT-034,SR-CPT-001,aboutness/reference,REC-001/003; NIST 8286; Jira,Core/Enterprise,isConcernedBy,no,no,no,0..* to 1..* hypothesis,reference/aboutness relation,OWL object property + SHACL local constraints,Reference may persist across record versions; relation itself can be version-scoped.,SR-REQ-001; SR-REQ-019,CQ-001; CQ-002; CQ-016; CQ-038,NIST RDR/RiskHub/RisKG,Exact multiplicity depends on register policy; do not make functional globally.,PROVISIONAL_V0_1
SR-REL-002,describesScenario,Links a Scenario Description to the Risk Scenario it describes.,SR-CPT-034,SR-CPT-006,aboutness/reference,REC-002; NIST 8286A,Core,isDescribedBy,no,no,no,0..* descriptions per scenario,information-artifact reference,OWL object property + SHACL,Descriptions/version histories may change while scenario identity is retained.,SR-REQ-002; SR-REQ-019,CQ-003; CQ-004; CQ-021,NIST risk-description semantics,Do not infer description = scenario.,PROVISIONAL_V0_1
SR-REL-003,realizedAs,Links a Risk Scenario to a realized Risk Event when realization evidence exists.,SR-CPT-006,SR-CPT-007,modal realization,REC-002; PA-005/015,Core,realizesScenario,no,no,no,0..*,possible-to-actual relation candidate,OWL object property; rule only if realization criteria formalized,Requires occurrence/time evidence; absence of event does not negate scenario.,SR-REQ-002,CQ-003; CQ-021,UFO/COVER programme,Exact modal semantics require #25.,PROVISIONAL_V0_1
SR-REL-004,hasConsequence,Links a Risk Event or Risk Scenario to a Consequence.,SR-CPT-007 or SR-CPT-006,SR-CPT-008,outcome relation,REC-010; COVER; NIST,Core,isConsequenceOf,no,no,no,0..*,event/outcome relation,OWL object property + SHACL; causality guarded,Consequence occurrence may be time-scoped and uncertain for scenarios.,SR-REQ-009,CQ-012; CQ-028,COVER consequence semantics,Must not imply causal certainty from mere association.,PROVISIONAL_V0_1
SR-REL-005,hasRiskSource,Links a Risk or Risk Scenario to a Risk Source considered relevant.,SR-CPT-001 or SR-CPT-006,SR-CPT-003,context/source relation,REC-010; NIST; RisKG,Core,isSourceFor,no,no,no,0..*,source/context relation,OWL object property,Validity may be context/time-bounded.,SR-REQ-009,CQ-012,NIST/RisKG,Source relation is weaker than causal relation by default.,PROVISIONAL_V0_1
SR-REL-006,predisposedBy,Links a Risk Scenario/Event context to a Predisposing Condition.,SR-CPT-006 or SR-CPT-007,SR-CPT-004,enabling relation,REC-010; NIST 8286A,Core,predisposes,no,no,no,0..*,disposition/enabling relation,OWL object property; causal rules deferred,Condition may hold during intervals.,SR-REQ-009,CQ-012; CQ-028,NIST vulnerability/condition semantics,Not equivalent to cause.,PROVISIONAL_V0_1
SR-REL-007,triggeredBy,Links a Risk Event or process transition to a Trigger.,SR-CPT-007,SR-CPT-005,trigger relation,REC-010; Risk IT,Core,triggers,no,no,no,0..*,event/condition trigger candidate,OWL relation + rule/SHACL only if operationalized,Trigger may be event- or threshold-based and time-indexed.,SR-REQ-009,CQ-012,Risk IT / operational frameworks,Do not infer trigger = cause universally.,PROVISIONAL_V0_1
SR-REL-008,causes,Asserts causal dependence supported by explicit evidence/model assumptions.,risk-chain entity,risk-chain entity,causal relation,REC-010; PA-015; PH-005,Core,causedBy,no,not assumed,no,none,causal relation candidate,OWL object property only for asserted causality; rule/provenance annotation required,Causal assertions should be evidence/version/context scoped.,SR-REQ-009,CQ-012; CQ-028,PA-015 formal semantics,Never inferred merely from sequence/dependency.,PROVISIONAL_V0_1
SR-REL-009,associatedWith,Represents non-causal association/dependency between risk-relevant entities.,risk-chain entity,risk-chain entity,association/dependency,REC-010; PH-005,Core,associatedWith,candidate yes only for generic association,no,no,none,association relation,OWL object property,May be dataset/time/context-specific.,SR-REQ-009,CQ-012; CQ-028,empirical association models,"Symmetry only for generic association, not directed dependency; formal split may be needed.",PROVISIONAL_V0_1
SR-REL-010,affects,"Links Risk/Event/Consequence to an externally owned Objective, Capability, Process or Risk Subject.",SR-CPT-001/007/008,SR-CPT-002/037/038/039,impact/context relation,REC-013; GRC; PA-009,Core/Enterprise,isAffectedBy,no,no,no,0..*,relational effect candidate,OWL object property,Effect may be anticipated vs realized; distinction may need subrelations.,SR-REQ-010,CQ-013; CQ-017,ArchiMate risk redesign / enterprise ontologies,Potential vs realized effect semantics require care.,PROVISIONAL_V0_1
SR-REL-011,exposes,Links a Risk Source/Condition to a Risk Subject under a relevant context.,SR-CPT-003/004,SR-CPT-002,exposure relation,NIST; G1 exposure reconciliation,Core,isExposedTo,no,no,no,none,relational exposure candidate,OWL object property,Exposure may have interval/context.,SR-REQ-009; SR-REQ-010,CQ-012; CQ-013,NIST/ROSE adjacent,Financial/physical exposure refinements remain profile-level.,PROVISIONAL_V0_1
SR-REL-012,hasVulnerability,Links a Risk Subject/context to a Vulnerability.,SR-CPT-002,SR-CPT-009,disposition attribution,ROSE; NIST,Core,vulnerabilityOf,no,no,no,0..*,quality/disposition relation,OWL object property,Vulnerability may exist during an interval and change.,SR-REQ-009,CQ-012,ROSE/NIST,Exact bearer/category requires #25.,PROVISIONAL_V0_1
SR-REL-013,performedAssessmentOf,Links a Risk Assessment Activity to the Risk/context assessed.,SR-CPT-011,SR-CPT-001,assessment participation,REC-004; NIST; IOF,Core,wasAssessedBy,no,no,no,1..* target hypothesis,activity participation,OWL object property + SHACL local minCount candidate,Assessment event is temporally bounded.,SR-REQ-003; SR-REQ-012,CQ-005; CQ-006; CQ-015,IOF/NIST,Exact min cardinality belongs to #26/SHACL.,PROVISIONAL_V0_1
SR-REL-014,usesAssessmentMethod,Links an assessment activity to its method.,SR-CPT-011,SR-CPT-012,method use,IEC 31010; REC-004,Core/Method,isMethodUsedBy,no,no,no,0..1 or 1..* local hypothesis,activity-method relation,OWL + SHACL local constraint,Method selection is activity/version scoped.,SR-REQ-003; SR-REQ-012; SR-REQ-013,CQ-006; CQ-019; CQ-032,IEC 31010,Multi-method assessments possible; do not make functional globally.,PROVISIONAL_V0_1
SR-REL-015,producesAssessmentResult,Links an assessment activity to a produced assessment result.,SR-CPT-011,SR-CPT-013,production/result relation,REC-004; IOF; RISKMAN,Core,resultOfAssessment,no,no,no,1..* local hypothesis,activity-output relation,OWL object property + SHACL,"Result inherits assessment time/context only via explicit relation, not identity.",SR-REQ-003; SR-REQ-012,CQ-005; CQ-006; CQ-022,IOF/RISKMAN,No process/result collapse.,PROVISIONAL_V0_1
SR-REL-016,assessmentResultConcerns,Links an assessment result to the Risk/context it evaluates.,SR-CPT-013,SR-CPT-001,aboutness/evaluation relation,REC-004/005,Core,hasAssessmentResult,no,no,no,0..*,result-aboutness relation,OWL object property,Result validity should be time/context scoped.,SR-REQ-003; SR-REQ-004; SR-REQ-019,CQ-007; CQ-015; CQ-031,NIST/IOF,One result may concern a compound context; exact semantics later.,PROVISIONAL_V0_1
SR-REL-017,supportedByEvidence,Links an assessment/result/assertion to Evidence Item(s).,SR-CPT-011/013/020,SR-CPT-020,evidential relation,REC-009; OpenPVSignal; GRC,Core,supports,no,no,no,0..*,evidence-role relation,OWL object property + provenance annotations/SHACL,Evidence role is assertion/context/version specific.,SR-REQ-008; SR-REQ-012; SR-REQ-017,CQ-006; CQ-011; CQ-027; CQ-037,OpenPVSignal/PROV,"Evidence role is contextual, not intrinsic class identity.",PROVISIONAL_V0_1
SR-REL-018,generatedByObservation,Links an Observation Result to its Observation Activity.,SR-CPT-023,SR-CPT-022,observation result production,REC-009; PA-015,Core,producesObservationResult,no,no,candidate functional locally,1 activity per result local hypothesis,activity-output,OWL + SHACL local,Observation time belongs to activity/result provenance.,SR-REQ-008,CQ-011,observation ontology patterns,Functionality only local hypothesis.,PROVISIONAL_V0_1
SR-REL-019,hasProvenance,Links an artifact/result/assertion to provenance information.,information/result artifact,SR-CPT-021,provenance relation,REC-009; PROV-O,Core,provenanceOf,no,no,no,0..*,provenance relation,Prefer PROV-O mapping/reuse,Version/time/agent/derivation semantics are first-class.,SR-REQ-008; SR-REQ-017,CQ-011; CQ-027; CQ-037; CQ-038,PROV-O,Exact PROV-O predicates chosen in #21/#26.,PROVISIONAL_V0_1
SR-REL-020,qualifiedByConfidence,Links assessment/evidence result to Assessment Confidence/uncertainty information.,SR-CPT-013/020,SR-CPT-019,qualification relation,NIST; PA-015; PH-005,Core/Method,confidenceOf,no,no,no,0..*,quality/qualification,OWL object/data pattern TBD,Confidence may vary by method/time/evidence set.,SR-REQ-012,CQ-006; CQ-031,external uncertainty vocabularies TBD,Confidence/uncertainty exact representation unresolved.,PROVISIONAL_V0_1
SR-REL-021,selectsTreatmentStrategy,Links a risk-management decision/context to a Risk Treatment Strategy.,SR-CPT-001/033,SR-CPT-026,decision relation,REC-008; ISO 31000,Core/Governance,strategyFor,no,no,no,0..*,decision/information relation,OWL + SHACL,Strategy selection is version/time/decision-context specific.,SR-REQ-007,CQ-010; CQ-026,ISO treatment semantics,Decision event concept may need explicit representation in #25.,PROVISIONAL_V0_1
SR-REL-022,planImplementsStrategy,Links a Risk Treatment Plan to a Treatment Strategy.,SR-CPT-027,SR-CPT-026,plan-realization relation,REC-008; Jira; GRC,Core,implementedByPlan,no,no,no,0..*,plan/design relation,OWL + SHACL local,Plans can be revised/versioned.,SR-REQ-007,CQ-010; CQ-026,NIST/GRC,No global cardinality.,PROVISIONAL_V0_1
SR-REL-023,activityExecutesPlan,Links a Risk Treatment Activity to the Plan it executes.,SR-CPT-028,SR-CPT-027,plan execution,REC-008; PH-008,Core,executedByActivity,no,no,no,0..*,activity participation,OWL + SHACL,Activity has execution time; plans may span many activities.,SR-REQ-007,CQ-010; CQ-026,ISO/PH-008,Plan can exist without execution.,PROVISIONAL_V0_1
SR-REL-024,activityUsesControl,Links a Risk Treatment Activity to a Control Mechanism it deploys/uses.,SR-CPT-028,SR-CPT-029,mechanism-use relation,REC-008; ROSE; GRC,Core/Governance,usedByTreatmentActivity,no,no,no,0..*,activity-mechanism relation,OWL object property,Use is activity/time/context scoped.,SR-REQ-007,CQ-010; CQ-026,ROSE Security Mechanism,Control may preexist the activity; no identity collapse.,PROVISIONAL_V0_1
SR-REL-025,controlProtects,Links a Control Mechanism to a Risk Subject/Objective/Process it protects or modifies.,SR-CPT-029,SR-CPT-002/037/039,protection/control relation,ROSE; GRC; PA-006,Core/Governance,protectedByControl,no,no,no,0..*,mechanism-role relation,OWL object property,Effectiveness can vary over time and should be assessed separately.,SR-REQ-007; SR-REQ-010,CQ-010; CQ-013,ROSE,Do not equate presence of control with effectiveness.,PROVISIONAL_V0_1
SR-REL-026,hasRiskOwner,"Derived material relation linking a Risk/managed record context to an external Actor who plays the Risk Owner role, truthmade by a Risk Responsibility assignment.","SR-CPT-001/033","external Actor","derived ownership relation","REC-007; NIST; #25 foundational analysis","Core/Enterprise","isRiskOwnerFor","no","no","no","0..* context-specific","material relation derived from relator","derived OWL property or query/rule; not a primitive role-instance link","Ownership is assignment/time/context scoped.","SR-REQ-006","CQ-009; CQ-025","UFO/gUFO role+relator pattern; NIST","Replaces prior `bearsRiskOwnerRole` shorthand because Risk Owner is a role type, not a role individual.","FOUNDATIONALLY_CORRECTED_V0_1"
SR-REL-027,assignsResponsibilityFor,Links Risk Responsibility/assignment to the relevant Risk/artifact/obligation.,SR-CPT-031,SR-CPT-001/033/027,responsibility assignment,REC-007; NIST RDR; GRC,Core/Governance,hasResponsibilityAssignment,no,no,no,1..* target hypothesis,relator/normative relation,qualified relation pattern; OWL + SHACL,Assignments can have validity intervals and reassignment history.,SR-REQ-006; SR-REQ-019,CQ-009; CQ-038,NIST/GRC; UFO relator candidate,Exact accountability vs responsibility specialization pending.,PROVISIONAL_V0_1
SR-REL-028,responsibilityAssignedTo,Links a Risk Responsibility assignment to the Actor/Role bearer.,SR-CPT-031,external Actor or SR-CPT-030,assignment-participant relation,REC-007,Core/Governance,hasAssignedResponsibility,no,no,no,1..* actor hypothesis,relator participation,OWL + SHACL,Time/validity required for reassignment history.,SR-REQ-006; SR-REQ-019,CQ-009; CQ-038,UFO relator candidate,Exact actor ontology external.,PROVISIONAL_V0_1
SR-REL-029,registerContainsEntry,Links a Risk Register to its Risk Register Entries.,SR-CPT-032,SR-CPT-033,containment/information collection,NIST 8286; Jira,Enterprise,entryInRegister,no,no,no,0..*,information collection membership,OWL + SHACL,Entry membership may be versioned/migrated.,SR-REQ-001; SR-REQ-011,CQ-001; CQ-014,NIST,No inference that register contains actual Risk phenomena.,PROVISIONAL_V0_1
SR-REL-030,hasWorkflowState,Links a managed record/process to Workflow State.,SR-CPT-033,SR-CPT-036,workflow state attribution,REC-006; Jira,Enterprise/Data,workflowStateOf,no,no,candidate functional at snapshot,1 current + historical many pattern,information/workflow state,OWL current relation + history pattern; SHACL/rules for workflow,Current vs historical states must be time-indexed.,SR-REQ-005; SR-REQ-011; SR-REQ-019,CQ-008; CQ-014; CQ-024; CQ-038,operational workflow models,Closed must not imply Risk State cessation.,PROVISIONAL_V0_1
SR-REL-031,hasRiskState,Links a Risk/context to Risk State.,SR-CPT-001,SR-CPT-035,domain state attribution,REC-006; NIST,Core,riskStateOf,no,no,candidate functional at time slice,1 current at defined context; historical many,state attribution,OWL + temporal pattern; SHACL local,State is explicitly time/context indexed.,SR-REQ-005; SR-REQ-019,CQ-008; CQ-024; CQ-038,state ontologies TBD,Exact state bearer/category requires #25.,PROVISIONAL_V0_1
SR-REL-032,precedesState,Links a historical state to a later state within the same state dimension.,SR-CPT-035 or SR-CPT-036,same state family,temporal ordering,G1 lifecycle design rationale,Core/Enterprise,followsState,no,candidate transitive only as temporal order,no,0..*,temporal relation,Prefer time ontology relation; rules not universal,Historical ordering; may be partial.,SR-REQ-005; SR-REQ-019,CQ-015; CQ-031; CQ-038,OWL-Time candidate,Never use across Risk State vs Workflow State indiscriminately.,PROVISIONAL_V0_1
SR-REL-033,supersedesAssessmentResult,Links a newer assessment result to an older result it supersedes for a stated context.,SR-CPT-013,SR-CPT-013,version/reassessment relation,NIST lifecycle; G1 reassessment,Core,supersededByAssessmentResult,no,candidate transitive? not assumed,no,0..*,information version relation,OWL + provenance/time; SHACL local,Requires timestamps/context; superseded result remains historical evidence.,SR-REQ-012; SR-REQ-019,CQ-015; CQ-031; CQ-038,PROV revision/specialization candidates,Do not delete/replace old result semantically.,PROVISIONAL_V0_1
SR-REL-034,basedOnPriorAssessment,Links a reassessment activity to prior assessment/result context used as input.,SR-CPT-011,SR-CPT-011/013,reassessment relation,NIST; PA-015,Core,hasReassessment,no,no,no,0..*,activity dependency,OWL + provenance,Explicit temporal precedence required.,SR-REQ-012; SR-REQ-019,CQ-015; CQ-031,PROV derivation candidate,Not every assessment is reassessment.,PROVISIONAL_V0_1
SR-REL-035,hasIndicator,Links a Risk/context/process to an Indicator used for monitoring.,SR-CPT-001/039,SR-CPT-024,monitoring association,Risk IT; GRC,Governance/Method,indicatorFor,no,no,no,0..*,information/monitoring relation,OWL + SHACL,Indicator definition/version may change over time.,SR-REQ-008; SR-REQ-012,CQ-006,Risk IT KRI,No claim that indicator is observation result itself.,PROVISIONAL_V0_1
SR-REL-036,hasThreshold,Links an Indicator/Assessment Method/Risk Criteria to a Threshold.,SR-CPT-024/012/044,SR-CPT-025,criterion/value relation,Risk IT; IEC 31010; NIST,Method/Governance,thresholdFor,no,no,no,0..*,method criterion relation,SHACL/data/rule placement likely; not OWL universal truth,Threshold is version/method/context specific.,SR-REQ-013,CQ-019; CQ-032,method frameworks,Not Core by default.,PROVISIONAL_V0_1
SR-REL-037,pharmaEntityInRiskContext,Links a SemRisk Risk/Scenario/Event/etc. to a CM-PharmE-owned Pharma entity relevant to the case.,SR-CPT-001/006/007/008,SR-CPT-040 or other CM-PharmE external entity,federation/context relation,REC-014; CM-PharmE v1.0.0; PH-005,Pharma Profile,riskContextForPharmaEntity,no,no,no,0..*,external federation relation,mapping/alignment layer; not duplicate class,Context/time/case scoped.,SR-REQ-014; SR-REQ-015,CQ-020; CQ-033; CQ-034,CM-PharmE,Exact bridge predicates finalized in #5/#21.,PROVISIONAL_V0_1
SR-REL-038,profileExtendsCoreConcept,Records that a profile-specific semantic construct refines a reusable Core concept without changing Core identity.,profile concept,Core concept,profile architecture relation,G1 source delta; SR-REQ-015,Meta/Profile,coreRefinedByProfile,no,no,no,none,semantic architecture relation,mapping/governance artifact rather than domain OWL by default,Versioned with profile release.,SR-REQ-015; SR-REQ-016,CQ-034; CQ-035,ontology modularization practice,"May remain registry/mapping relation, not ontology property.",PROVISIONAL_V0_1
