comparator_id,comparator,version_binding,D01,D02,D03,D04,D05,D06,D07,D08,D09,D10,D11,D12,D13,D14,D15,D16,D17,evidence_locator,paper1_interpretation
CMP-001,COVER,commit 898a7d87... / cover.ttl,covered,covered,partially_covered,different_semantics,not_reported,covered,partially_covered,not_in_scope,not_in_scope,partially_covered,not_in_scope,not_reported,covered,not_reported,not_in_scope,partially_covered,not_reported,ER 2018 DOI; exact repository binding; #21 COVER mapping,"Primary foundational reference; SemRisk must not claim generic RiskEvent/Vulnerability/RiskAssessment novelty. Main difference is operational information-artifact/lifecycle architecture, not foundation itself."
CMP-002,ROSE,commit 50ef1079... corrected OWL,security risk/treatment,covered,partially_covered,different_semantics,not_reported,covered,partially_covered,not_in_scope,not_in_scope,partially_covered,Health/security adjacent,not_reported,covered,not_reported,not_in_scope,high artifact reproducibility,limitations/erratum explicit,ER 2022 DOI; corrected repo; #21 ROSE mapping,Strong prior art for vulnerability/security mechanism/control-event semantics; SemRisk cannot call control/treatment ontology novel.
CMP-003,Oliveira risk ontology programme,PA-005 + PA-011/012/013 2025-2026 lineage,risk ontology network/interoperability/formal reasoning,covered,partially_covered,partially_covered,not_reported,covered,partially_covered,partially_covered,not_in_scope,covered/planned network,not_in_scope,not_reported,covered in concrete follow-ups,covered in follow-ups,partially_covered,mixed,proposal vs implementation boundaries explicit,CEUR PA-005; FOIS PA-011; WATCHDOG PA-012; PA-013,Closest active research-program threat; removes ontology-network/UFO/interoperability/formal-reasoning novelty. SemRisk differentiation must be operational semantic chain + governed projection/traceability.
CMP-004,PA-006 Beyond Risk Propagation,2025 paper,risk propagation/assessment,covered,partially_covered,covered,not_reported,covered,partially_covered,not_in_scope,not_in_scope,partially_covered,not_in_scope,not_reported,covered,query/evaluation evidence,not_in_scope,partial artifact binding,limitations documented,deep-mining artifact + PA-010/015 lineage,"Assessor-dependent valuation, event/object/goal/control-scoped assessment and ontology-grounded propagation are prior art."
CMP-005,NIST IR 8286 series,2025 current series,enterprise risk register/ERM,not_in_scope,partially_covered,covered operationally,partially_covered,partially_covered,covered guidance lifecycle,covered,covered,not_in_scope,not_in_scope,covered register/RDR provenance/history,formal ontology not in scope,operational guidance not ontology CQ evaluation,covered,high publication/version governance,known operational scope explicit,NIST official current series + local deep profile,"SemRisk cannot claim register, RDR, owner/status/response, aggregation or reassessment novelty; it can ontologically disambiguate them."
CMP-006,RisKG,2023 operational risk-register KG,project risk register→KG,not_reported,partially_covered,not_reported,not_reported,partially_covered,not_reported,partially_covered,not_in_scope,not_in_scope,partially_covered,graph provenance not fully reported,formal graph schema,application/query evidence,covered,artifact/code binding partial,limitations/access partial,SRC-PA-016 profile,Risk-register-to-KG mapping and dashboards are prior art; SemRisk cannot use KG conversion alone as contribution.
CMP-007,RiskHub semantic-aware risk data modeling,2026,ontology-informed operational risk data/RDB/dashboard,not_reported,partially_covered,partially_covered,partially_covered,partially_covered,covered operational process,covered,not_in_scope,modular DB/application architecture,not_in_scope,partially_covered,conceptual+relational implementation,exploratory expert evaluation,covered,repro artifact binding partial,limitations reported,SRC-PA-017 profile,"Ontology-informed relational redesign, 12-table RDB and dashboarding are prior art; SemRisk must show governed ontology→RDB semantic fidelity."
CMP-008,RISKMAN,v1.0.0 commit c046c5d1... ontology+SHACL,medical-device risk documentation,covered,partially_covered,partially_covered,not_reported,covered,partially_covered,not_in_scope,covered ISO14971,modular domain artifact,covered Health/medical device,artifact provenance good,covered OWL+SHACL,covered multiple quality/evaluation checks,semi-structured documentation mapping,high versioned artifact,limitations/domain scope explicit,SEMANTiCS 2025 DOI + exact repo binding,Strong method/evaluation benchmark; ontology+SHACL risk-document validation is prior art.
CMP-009,AIRO,versionIRI 1.0 / commit 6c67de4...,AI risk/regulatory documentation,not_reported,not_in_scope,not_reported,not_reported,partially_covered,not_reported,partially_covered,covered standards/regulation,covered domain extension,not_in_scope,partially_covered,covered serializations+SHACL/rules,covered use cases,covered AI examples,high w3id/version/license,domain limitations clear,AIRO DOI + exact repository binding,Standards-aligned executable domain-risk ontologies are prior art; AI is outside Paper-1 scope.
CMP-010,PH-007 Pharma QRM ontology,2012 DOI; full text bounded,Pharma QRM/QbD/GAMP,not_reported,unknown,unknown,unknown,unknown,unknown,not_in_scope,covered Pharma QRM context,partially_covered,covered Pharma,not_reported,reported ontology implementation at high level,reported validation lifecycle at high level,application context,low due full-text access gap,access limitation explicit,publisher metadata + bounded profile,Generic Pharma QRM ontology is prior art; detailed feature claims are prohibited because full-text mining is incomplete.
CMP-011,PH-008 ontology + Fuzzy QFD,2020 paper,Pharma operational risk identification/prioritization,not_reported,partially_covered,partially_covered,not_reported,covered cause-effect/mitigation,not_reported,not_in_scope,not_in_scope,not_in_scope,covered Pharma case,not_reported,covered ontology/query workflow,covered case/prioritization,covered real pharma application,artifact availability partial,case limitations reported,deep-mining artifact,Ontology-based Pharma risk identification/prioritization/mitigation is prior art; SemRisk's Pharma case must be federation/ownership-focused.
CMP-012,SemRisk W2 baseline,P1-R0 G1 conditional pass + #19/#7/#3/#20/#21 artifacts,bounded operational risk semantic architecture,planned/partially established via #25 pending,covered by conceptual baseline,covered,covered,covered semantic pattern,covered conceptual lifecycle,covered conceptual external linkage,covered alignment crosswalk,covered Core/Profile architecture,covered bounded Pharma federation design,covered source→decision traceability,formal OWL/SHACL not yet implemented,CQs frozen but not yet executable/evaluated,operational mapping planned/partially mined,strong governance artifacts; final release IDs pending #43,formal/evaluation/application incompleteness explicit,SemRisk governed W2 artifacts,"Current SemRisk differences are design commitments, not yet validated advantages. Claims remain conditional until implementation/evaluation."
