gap_id,subject,type,severity,finding,claim_consequence,owner,status
GAP-001,SemRisk formal implementation,weakness,critical_later,W2 concepts/relations are not yet final OWL/SHACL/formal artifacts.,No claim of implemented formal ontology or formal correctness until W3/E1-E4.,#25/#26/#27/#29,OPEN_GOVERNED
GAP-002,SemRisk empirical/expert evaluation,weakness,critical_later,No independent expert validation or release-bound CQ execution yet.,No superiority/validity/transferability conclusion now.,#51/#52/#54,OPEN_GOVERNED
GAP-003,NIST clause/schema completeness,evidence_gap,medium,"Current semantic baseline is strong, but exact field-level JSON/XLSX/clause mining is incomplete.","Crosswalk can be conceptually used, but not described as clause/schema complete.",#13/#17,OPEN_BOUNDED
GAP-004,ISO/COSO/OCEG full text/clause access,evidence_gap,medium,Public authoritative metadata/available guidance does not equal full source-complete clause extraction.,Use terminology/process alignment only; mark unknown/not_reported cells explicitly.,#13,OPEN_BOUNDED
GAP-005,COVER foundational equivalence,semantic_conflict,high,SemRisk Risk/Assessment/Likelihood semantics are not proven equivalent to COVER constructs.,No equivalence/import claims; #25 must resolve affected mappings.,#25,OPEN_BLOCKS_AFFECTED_G2
GAP-006,ROSE Control Mechanism mapping,semantic_conflict,high,ROSE SecurityMechanism is narrower security profile; SemRisk Control Mechanism is cross-domain.,No equivalence or novelty-by-renaming; profile alignment only until #25.,#25,OPEN_BLOCKS_AFFECTED_G2
GAP-007,CM-PharmE license,governance_gap,medium,Semantic owner/version frozen; redistribution/import license unresolved.,Federation/mapping allowed conceptually; no redistribution/import assumption.,#5/#43,OPEN_BOUNDED
GAP-008,Comparator missing documentation,comparison_uncertainty,medium,Several historical/applied comparators lack complete public artifact/evaluation detail.,Use `not_reported/unknown`; never count as absent feature.,#14/#31,OPEN_BOUNDED
GAP-009,SemRisk standards conformance,nonclaim,high,Crosswalk/alignment is not certification or formal conformance testing.,"Manuscript must say aligned/mapped, not ISO/ICH/NIST compliant/certified.",#53,CONTROLLED
GAP-010,SemRisk differentiator maturity,claim_risk,high,Main operational semantic chain is conceptually implemented in W2 but not yet formally/evaluatively demonstrated.,Phrase as candidate/design difference until #29/#31/#52/#53.,#24/#53,OPEN_GOVERNED
