id,capability_or_work_item,project_applicability,observed_state,evidence_paths,remaining_gap_or_limit,next_owner_issue,recheck_trigger
"RO-01","Start Here / Overview","Mandatory","partial","docs/wiki/pages/Home.md;docs/wiki/p1-r2-live-wiki-readback-2026-09-26.md","Wiki Home; 8-page read-back","#122","Profile/semantic/docs/release change"
"RO-02","Research problem, gap, RQ/CQ and method","Mandatory","partial","docs/wiki/pages/Scope-and-Contributions.md;publications/2026-icae/research-contract.md","Scope page, RQ/CQ and method require reader route","#121","Profile/semantic/docs/release change"
"RO-03","Evidence / literature / data basis","Mandatory","partial","docs/wiki/pages/Evidence-and-VVEAA.md;docs/documentation/research-reference-corpus.yaml","Evidence/VVEAA links; source basis not fully narrated","#121","Profile/semantic/docs/release change"
"RO-04","Conceptual model","Mandatory","partial","docs/wiki/pages/Semantic-Architecture.md;docs/ontology/diagrams/p1-r2-local-ontology-atlas-v0.1.svg","Conceptual registry/atlas linked; semantics and diagram role audit","#121;#115","Profile/semantic/docs/release change"
"RO-05","Ontology architecture and semantic commitments","Mandatory","partial","docs/wiki/pages/Semantic-Architecture.md;ontology/p1-r2-candidate-manifest.yaml","Semantic Architecture and canonical module refs","#115","Profile/semantic/docs/release change"
"RO-06","Formal ontology explanation","Conditional","partial","docs/wiki/pages/Formal-Reference.md;docs/ontology/formal-ontology-description-p1-r2-v0.2.md","FD-A…FD-J page with source limits","#115","Profile/semantic/docs/release change"
"RO-07","Exhaustive formal ontology reference","Conditional","blocked","docs/ontology/generated/p1-r2-generated-reference.md;site/ontology/0.1.0-rc.1/index.html","Offline generated reference only","#117","Profile/semantic/docs/release change"
"RO-08","Concept/relation/property reference","Mandatory","partial","docs/ontology/generated/p1-r2-generated-reference.md;ontology/formal-entity-inventory-v0.1.csv","76-entity source index and selected Wiki links","#115;#117","Profile/semantic/docs/release change"
"RO-09","Data/dataset provenance","Conditional","partial","docs/wiki/pages/Pharma-Case.md;datasets/master-dataset-semantic-mapping-v1.0.csv","Pharma dataset provenance linked; breadth/limits audit","#121","Profile/semantic/docs/release change"
"RO-10","Ontology↔RDB/KG/API mappings","Conditional","partial","docs/wiki/pages/Relational-Projection.md;evaluation/parity/p49-parity-results-v1.0.csv","Relational projection and task-bounded parity","#122","Profile/semantic/docs/release change"
"RO-11","Evaluation/validation/assurance","Mandatory","partial","docs/wiki/pages/Evidence-and-VVEAA.md;evaluation/vveaa/paper1-vveaa-execution-profile-v0.1.md","VVEAA page; #51/#54 remain open","#113;#54","Profile/semantic/docs/release change"
"RO-12","Reproducibility","Mandatory","partial","docs/wiki/pages/Reproduce-and-Release.md;docs/reproducibility/semantic-build.md","Build instructions and candidate status; final bundle pending","#122;#55","Profile/semantic/docs/release change"
"RO-13","Research journey and decision trace","Mandatory","partial","docs/wiki/pages/Scope-and-Contributions.md;docs/governance/paper1-release-train.md","Private Wiki now explains evidence→boundary→model→check→claim with source links; complete decision trace and entity lineage pending.","#121","Profile/semantic/docs/release change"
"RO-14","Version/evolution lineage","Conditional","partial","docs/governance/paper1-release-train.md;docs/ontology/pages-version-registry-v0.1.json","Release train exists; Wiki evolution/lineage route incomplete","#121;#55","Profile/semantic/docs/release change"
"RO-15","Publications/citation","Mandatory","partial","docs/wiki/pages/Reproduce-and-Release.md;docs/documentation/research-reference-corpus.yaml","Citation is explicitly pending release/availability","#121;#55","Profile/semantic/docs/release change"
"RO-16","Limitations/threats/non-claims","Mandatory","partial","docs/wiki/pages/Evidence-and-VVEAA.md;evaluation/integrity/pre-assurance-threat-snapshot-v1.0.md","Banners and threats source exist; dedicated claim-linked route incomplete","#121;#56","Profile/semantic/docs/release change"
"RO-17","Tutorials/how-to","Conditional","partial","docs/wiki/pages/Reproduce-and-Release.md;docs/reproducibility/semantic-build.md","Executable semantic build linked; Wiki tutorial route untested","#122","Profile/semantic/docs/release change"
"RO-18","Visual documentation","Mandatory","partial","docs/ontology/diagrams/manifest.yaml;docs/ontology/diagrams/p1-r2-local-ontology-atlas-v0.1.svg;docs/ontology/diagrams/p1-r2-local-relations-v0.1.svg","Two candidate SVGs registered with exact source, scopes, omissions and pending independent semantic/accessibility review.","#122;#119","Profile/semantic/docs/release change"
"RO-19","Generated formal reference / WIDOCO adapter","Conditional","blocked","docs/ontology/generated/webvowl-viewer-candidate-v0.1/index.html;docs/ontology/diagrams/p1-r2-webvowl-browser-qa-2026-09-27.md","Source-bound WebVOWL JSON and offline viewer pass static and private Chromium desktop/mobile smoke. Combined phone graph readability, unexecuted target-reader tasks, versioned Pages route and deployment remain open; native module selector and narrow keyboard smoke passed.","#117;#119","Profile/semantic/docs/release change"
"RO-20","Documentation history/governance","Mandatory","partial","docs/wiki/p1-r2-live-wiki-readback-2026-09-26.md;docs/wiki/p1-r2-wiki-publish-manifest-v0.1.json","Wiki history and source manifest/read-back","#117;#55","Profile/semantic/docs/release change"
"RO-21","Documentation QA/conformance evidence","Mandatory","partial","docs/documentation/p1-r2-documentation-quality-audit-2026-09-27.yaml","36 rubric criteria inventoried; two bounded mechanical Wiki criteria rated, no QN/QL total or qualitative expert scores. Applicability and full conformance review remain open.","#121","Profile/semantic/docs/release change"
"RO-22","Multi-profile declaration","Conditional","partial","docs/documentation/profile-composition.yaml","Schema-checked composition manifest declares Research/Ontology primary and Data/Engineering secondary for relational twin; full review pending.","#112","Profile/semantic/docs/release change"
"RO-23","Audience journeys","Conditional","partial","docs/documentation/p1-r2-dual-audience-route-audit-2026-09-27.md;docs/wiki/pages/Home.md","Academic and engineering routes now live in private Wiki Home; source-matched revision 9827a52. Usability assessment pending.","#122","Profile/semantic/docs/release change"
"RO-24","Surface allocation manifest","Mandatory","partial","docs/documentation/documentation-surfaces.yaml","Staged surface manifest at `docs/documentation/documentation-surfaces.yaml`; allocation and Pages checks remain false","#117","Profile/semantic/docs/release change"
"RO-25","Authority declaration","Mandatory","partial",".research/ogcm-rf-profile.yaml;docs/documentation/documentation-surfaces.yaml","Authority stated in pages and .research profile refreshed on 2026-09-26; release-bound authority and publication review remain open.","#112","Profile/semantic/docs/release change"
"RO-26","Profile adoption/conformance record","Mandatory","partial","docs/documentation/research-ontology-profile-adoption.yaml","Pinned partial adoption record exists; full capability proof, QN/QL and publication gates remain open.","#112","Profile/semantic/docs/release change"
"RO-27","Reference/citation corpus integrity","Mandatory","partial","docs/documentation/research-reference-corpus.yaml","Seven seed landing pages reviewed 2026-09-27: four institutional links valid, three DOI resolvers unverified despite publisher/institutional metadata. RISKMAN corrected to conference paper. Manuscript placement, complete coverage and IEEE QA remain open; no full capability verification.","#121","Profile/semantic/docs/release change"
"RO-28","Documentation baseline/snapshot","Conditional","partial","docs/wiki/p1-r2-wiki-publish-manifest-v0.1.json;docs/ontology/pages-version-registry-v0.1.json","Wiki candidate manifest and Pages registry; no release snapshot","#55;#117","Profile/semantic/docs/release change"
"RO-29","Formal ontology logical-semantics completeness","Conditional","partial","docs/ontology/formal-ontology-description-p1-r2-v0.2.md;docs/ontology/generated/p1-r2-closure-manifest.json","FD/source QA and offline reference; final parity/reasoning gate open","#115;#117","Profile/semantic/docs/release change"
"RO-30","Academic/industrial dual-audience usability","Conditional","partial","docs/documentation/p1-r2-dual-audience-route-audit-2026-09-27.md;docs/ontology/diagrams/p1-r2-webvowl-reader-task-protocol-v0.1.md","Bounded source route/task audit exists; target-reader protocol is unexecuted; mobile readability/accessibility and public Pages read-back remain open. Not a usability pass.","#122;#119","Profile/semantic/docs/release change"
"PT-01","Overview / Start Here","Applicable","BOUNDED","docs/wiki/pages/Home.md;docs/wiki/p1-r2-live-wiki-readback-2026-09-26.md","Private Wiki 8/8 source/live read-back; target-reader review remains","#122","Reader route, source or release change"
"PT-02","Research Explanation","Applicable","PARTIAL","docs/wiki/pages/Scope-and-Contributions.md;docs/wiki/pages/Evidence-and-VVEAA.md","Decision lineage and claim-linked narrative depth pending","#121","Reader route, source or release change"
"PT-03","Ontology / Module Reference","Applicable","BOUNDED","docs/wiki/pages/Semantic-Architecture.md;docs/wiki/pages/Formal-Reference.md","Module explanation source-bound; release interpretation pending","#115","Reader route, source or release change"
"PT-04","Concept / Relation / Property Reference","Applicable","PARTIAL","docs/wiki/pages/Formal-Reference.md;docs/ontology/generated/p1-r2-generated-reference.md","Generated index is asserted source, not full reasoned semantics; Pages offline","#115;#117","Reader route, source or release change"
"PT-05","Evaluation / Evidence","Applicable","PARTIAL","docs/wiki/pages/Evidence-and-VVEAA.md;evaluation/vveaa/paper1-vveaa-execution-profile-v0.1.md","Candidate evaluation; human/E11 and final assurance pending","#113;#121","Reader route, source or release change"
"PT-06","Evolution / Lineage","Applicable","PARTIAL","docs/wiki/pages/Reproduce-and-Release.md;docs/governance/paper1-release-train.md","Decision/entity evolution narrative incomplete","#121","Reader route, source or release change"
"PT-07","Index / Reference","Applicable","PENDING_PAGES","docs/wiki/pages/Formal-Reference.md;site/ontology/0.1.0-rc.1/index.html","Offline version route only; no public Pages read-back","#117","Reader route, source or release change"
"PT-08","Tutorial / How-to","Conditional (triggered)","PARTIAL","docs/wiki/pages/Reproduce-and-Release.md;docs/reproducibility/semantic-build.md","Build instructions exist; actual reader tutorial not yet exercised","#122","Reader route, source or release change"
"PT-09","Governance / Status / History","Applicable","PARTIAL","docs/wiki/pages/Reproduce-and-Release.md;docs/wiki/p1-r2-live-wiki-readback-2026-09-26.md","Candidate status and Wiki history exist; frozen citation/availability pending","#55;#121","Reader route, source or release change"
"PT-10","Mapping / Realization","Conditional (triggered)","BOUNDED","docs/wiki/pages/Relational-Projection.md;evaluation/parity/p49-parity-results-v1.0.csv","Task-bounded relational mapping; no KG/API realization claim","#122","Reader route, source or release change"
"RW-01","Documentation assessment","Mandatory","partial","docs/documentation/ogcm-rf-adoption-gap-audit-2026-09-26.md","partial: RO matrix and source/surface inventory; full current audit and maturity record here","#118","Profile/docs/surface/release change"
"RW-02","Profile selection/adoption","Mandatory","partial","docs/documentation/research-ontology-profile-adoption.yaml","partial: pinned adoption YAML and schema-checked profile composition; full quality/deviation review pending","#118","Profile/docs/surface/release change"
"RW-03","Documentation Epic / rollout plan","Mandatory","partial","docs/documentation/p1-r2-documentation-rollout-2026-09-26.md","partial: #112 and this reverse map; children predate strict factory format","#112","Profile/docs/surface/release change"
"RW-04","Authority/source-of-truth","Mandatory","partial",".research/ogcm-rf-profile.yaml;docs/documentation/documentation-surfaces.yaml","partial: surface manifest; stale implementation profile","#118;#112","Profile/docs/surface/release change"
"RW-05","Surface allocation: Source/Wiki/Pages","Mandatory","partial","docs/documentation/documentation-surfaces.yaml","partial: source/Wiki/Pages mapped; Pages checks false","#118;#117","Profile/docs/surface/release change"
"RW-06","Home/IA/reader journeys","Mandatory","partial","docs/wiki/pages/Home.md;docs/documentation/p1-r2-dual-audience-route-audit-2026-09-27.md","partial: dual-audience Home route is live and source-matched; usability/coverage review pending","#122","Profile/docs/surface/release change"
"RW-07","Editorial integrity","Mandatory","partial","docs/wiki/p1-r2-live-wiki-readback-2026-09-26.md","partial: source-to-Wiki exact parity; E0–E4 editorial review absent","#121","Profile/docs/surface/release change"
"RW-08","Reference/citation corpus","Mandatory, scholarly","partial","docs/documentation/research-reference-corpus.yaml","partial: seven stable REF seed identities in governed corpus; manuscript membership, source coverage, metadata/link and rendered citation QA pending","#121","Profile/docs/surface/release change"
"RW-09","Research journey/evolution","Mandatory","partial","docs/wiki/pages/Scope-and-Contributions.md;docs/governance/paper1-release-train.md","partial: four-step route live in private Wiki; complete decisions and entity-level lineage absent","#121","Profile/docs/surface/release change"
"RW-10","Ontology overview/module architecture","Mandatory","bounded","docs/wiki/pages/Semantic-Architecture.md","bounded: architecture Wiki and source module links","#115","Profile/docs/surface/release change"
"RW-11","Concept/relation/property reference","Mandatory, stable candidate entities","partial","docs/ontology/generated/p1-r2-generated-reference.md","partial: 76 local inventory, generated index; conceptual/formal coverage caveat","#115;#117","Profile/docs/surface/release change"
"RW-12","Formal ontology/logical semantics","Conditional, OWL/SHACL exists","partial","docs/ontology/formal-ontology-description-p1-r2-v0.2.md","partial: FD-A…FD-J and local QA; reasoned effects/release binding pending","#115","Profile/docs/surface/release change"
"RW-13","Generated reference/WIDOCO/Pages","Conditional, formal ontology exists","blocked","site/ontology/0.1.0-rc.1/index.html;docs/ontology/diagrams/p1-r2-webvowl-browser-qa-2026-09-27.md","partial/blocked: offline versioned reference and source-bound WebVOWL viewer pass private browser smoke; readable module view and deployed Pages absent","#117;#119","Profile/docs/surface/release change"
"RW-14","Visual documentation","Recommended, diagrams exist","partial","docs/ontology/diagrams/manifest.yaml","partial: 76-ID atlas and 37-property map in schema-checked manifest; independent semantic/accessibility audit pending","#122;#119","Profile/docs/surface/release change"
"RW-15","Evaluation/reproducibility","Mandatory, claim-bearing","partial","docs/wiki/pages/Evidence-and-VVEAA.md","partial: VVEAA and build records; independent validation/assurance pending","#113;#54","Profile/docs/surface/release change"
"RW-16","Data/RDB/KG mapping documentation","Conditional, relational twin exists","partial","docs/wiki/pages/Relational-Projection.md","partial: RDB projection and parity; no KG/API claim","#122;#117","Profile/docs/surface/release change"
"RW-17","Software/Product documentation","N/A, no Paper-1 product/API scope","N/A","docs/documentation/profile-composition.yaml","no product surface; reassess on product/API commitment","#112","Product/API scope becomes material"
"RW-18","Business/domain documentation","N/A, no independent business-profile scope","N/A","docs/documentation/profile-composition.yaml","Pharma case is research evidence; reassess on independent business process scope","#112","Independent business-profile scope becomes material"
"RW-19","Tutorial/how-to","Conditional, executable build exists","partial","docs/wiki/pages/Reproduce-and-Release.md","partial: semantic build instructions; reader reproduction check pending","#122","Profile/docs/surface/release change"
"RW-20","Documentation version/baseline","Conditional, candidate baseline exists","partial","docs/wiki/p1-r2-wiki-publish-manifest-v0.1.json;docs/ontology/pages-version-registry-v0.1.json","partial: Wiki hashes and Pages version registry; no frozen release baseline","#55;#117","Profile/docs/surface/release change"
"RW-21","Quantitative/qualitative quality assessment","Mandatory before conformance","bounded","docs/documentation/p1-r2-documentation-quality-audit-2026-09-27.yaml","partial: 18 QN and 18 QL rubric criteria inventoried, two bounded mechanical Wiki ratings; no aggregate or qualitative review","#121","Profile/docs/surface/release change"
"RW-22","Publication/render verification","Conditional, private Wiki exists","partial","docs/wiki/p1-r2-live-wiki-readback-2026-09-26.md","partial: 8/8 Wiki read-back passed; Pages not deployed/rendered","#117","Profile/docs/surface/release change"
"RW-23","Snapshot/archive/read-back","Conditional on frozen/release-bound docs","blocked","docs/wiki/p1-r2-live-wiki-readback-2026-09-26.md","blocked: no frozen scholarly baseline; Wiki read-back is candidate-only","#55;#117","Profile/docs/surface/release change"
"RW-24","Adoption/conformance closure","Mandatory","blocked","docs/documentation/research-ontology-profile-adoption.yaml","blocked: RO Mandatory/Conditional and RW gaps remain","#112","Profile/docs/surface/release change"
"RW-25","Release/freeze binding","Conditional on real release","blocked","docs/governance/paper1-release-train.md","blocked: #55 release identity and #56 access unresolved","#55;#56","Profile/docs/surface/release change"
"RW-26","Future refresh/upgrade policy","Mandatory","partial","docs/documentation/research-ontology-profile-adoption.yaml","partial: triggers below; implementation/profile manifest refresh and owner recording pending","#112","Profile/docs/surface/release change"
