comparator,source_id,scope,foundational_grounding,formal_artifact,owl_or_rdf,constraints,competency_or_queries,standards_alignment,enterprise_integration,architecture_linkage,health_support,pharma_support,operational_register_semantics,dataset_validation,comparative_evaluation,transferability,reproducibility_versioning,current_semrisk_interpretation,evidence_status
COVER,SRC-ON-001,"value + risk reference ontology","UFO/OntoUML; gUFO implementation","public OntoUML + cover.ttl",yes,"OWL axioms; SHACL not verified",not_verified,"theory/risk-management grounding; not standards-first","generic value/risk, not enterprise-ERM profile",not_primary,no,no,"record/registry not primary scope",not_verified,not_verified,"cross-domain foundational intent","public repo + DOI; version/release governance to inspect","Primary foundation; SemRisk must reuse/align rather than claim generic risk semantics as new",VERIFIED_BASELINE_DEEP_PROFILE_PENDING
ROSE,SRC-ON-002,"security mechanism + prevention + risk treatment","UFO/OntoUML; gUFO implementation; related to COVER","public OntoUML + OWL",yes,"OWL; exact constraints to inspect",not_verified,"security/risk-treatment theories; not generic ISO profile","security engineering context",not_primary,no,no,"not primary scope",not_verified,not_verified,"security-specific reference scope","public repo + PURL + documented erratum","Reuse/alignment target for Security/Treatment; not a competitor to reimplement",VERIFIED_BASELINE_DEEP_PROFILE_PENDING
AIRO,SRC-ON-003,"AI risk + regulatory conformity","domain ontology; no UFO claim in verified baseline","TTL/OWL/RDF/JSON-LD + examples",yes,"SHACL/N3 assets in repo","SPARQL assets in repo","EU AI Act + ISO risk standards","organizational stakeholder/documentation context","limited/indirect",no,no,"risk documentation; domain-specific",yes,"real-world AI-risk use cases","AI-domain transfer only","w3id + CC BY 4.0 + public repo","Strong comparator for standards-aligned executable domain risk ontology; SemRisk advantage cannot be OWL/SHACL/standards alone",VERIFIED_BASELINE_DEEP_PROFILE_PENDING
RISKMAN,SRC-ON-004,"medical-device risk-management documentation/conformity","ontology-engineering method + domain standards; foundational basis to inspect","public ontology + shapes via w3id",yes,"SHACL",not_fully_extracted,"ISO 14971 + VDE Spec 90025",limited,"not primary",yes,"medical device only","formalizes risk-management documentation",yes,"case/document validation reported","Health domain","persistent w3id; peer-reviewed + public artifact","Strong Health/method benchmark; SemRisk must differentiate via reusable core + enterprise/EA + multi-source traceability + broader evaluation",VERIFIED_BASELINE_DEEP_PROFILE_PENDING
Operational Risk Ontology 2011,,"enterprise operational-risk interoperability","not verified",paper artifact status pending,claimed ontology,"not verified","not verified","ORM context","explicit cross-organizational-unit integration",indirect,no,no,"operational risk information integration","not verified","not verified","enterprise ORM","artifact/reproducibility pending","Longstanding prior art for enterprise-wide operational-risk semantic integration",PAPER_METADATA_VERIFIED_ARTIFACT_PENDING
Brownsword 2010,,"formalized pragmatic risk-management framework/ontology across sectors","not verified",artifact status pending,ontology reported,"not verified","not verified","generic risk-management vocabulary/process","cross-sector cases","not primary","health/safety case evidence",no,"not verified","case validation across IT/defence/rail/education","not verified","multi-sector case validation reported","artifact/version pending","Cross-domain applicability/comprehensiveness is prior art; SemRisk must demonstrate evaluated coverage and formal/reproducible assets",PAPER_METADATA_VERIFIED_ARTIFACT_PENDING
SemRisk,R-022,"domain-extensible Core Risk Ontology + enterprise/architecture application + Health/Pharma profiles","planned UFO/gUFO + COVER alignment; not yet canonical","W3 planned; none canonical yet",planned,"SHACL planned; not implemented",CQs planned,"ISO/COSO/OCEG/IEC/ICH mappings in W1/W2","primary Paper-1 application",primary Paper-1 application,"Health priority profile planned","Pharma first bounded case in progress","operational Jira source mined; canonical registry semantics not yet frozen","Pharma dataset bundle under qualification","E10 planned","E11 planned","OGCM-RF SHA/release-bound plan","Do not score as stronger until G4; current differentiator hypotheses are evidence traceability + core/profile architecture + enterprise/EA bridge + multi-layer evaluation",IN_PROGRESS_NOT_YET_EVALUATED
Oliveira et al. ontology-network programme,SRC-PA-005,"risk-management ontology network + semantic interoperability + DSL/services","UFO + COVER + ROSE + ROT + ResiliOnt","proposal/follow-up programme; artifacts distributed across lineage",partial,"ontological-analysis mismatch diagnostics","risk/scenario/incident and method queries","risk-management techniques; not standards-first","cross-technique/domain intent","includes ArchiMate/security programme links",no,no,"register/workflow not primary in proposal",not_primary,"proposal-level in seed paper","cross-domain intent","CEUR open paper + follow-up publications","Mandatory closest programme; generic ontology-network and scenario-vs-incident novelty unavailable",DEEP_MINED_PROGRAMME_ACTIVE
Process-Aware Risk Propagation,SRC-PA-010,"process/object-aware risk propagation through dependency and abstraction relations","lightweight S2 generic scope with S1 domain and S0 case; deeper ontological analysis deferred","reported OWL→Neo4j neosemantics with Python analytics; exact source ref unknown",yes,"relation importance and per-aspect propagation weights; OWL axioms not source-verified","risk state and threshold queries in cybersecurity demonstration","not standards-first","process and cyberasset relations",yes,no,no,"not risk-register information-artifact focused","cybersecurity demonstration","proof of concept rather than independent comparison","other domains future work","SAC 2023 primary PDF exact DOI; source repo/version/lock unknown","Prior art for OWL→property-graph process-aware propagation; later PA-006 is one evolving programme, not a second novelty vote",DEEP_PROFILED_PUBLICATION_CODE_REF_UNKNOWN
Beyond Risk Propagation,SRC-PA-006,"ontology-grounded risk assessment and propagation","COVER/UFO-inspired","ProbLog implementation; ontology-grounded model",partial,"formal/probabilistic execution","literature-derived + expert-reviewed query set","not standards-first","objects/goals/controls represented",indirect,no,no,"register information artifact not primary",cybersecurity_case,"query/application demonstration","cross-domain theory; cyber demonstration","CEUR PURL declared; matching coauthor-associated repository commit 76cf94d has ProbLog-style prototype blob d093918, query elicitation, CC BY-NC-SA 4.0; redirect identity and independent execution unverified","Strong SR-C1 comparator; assessor/context/assessment taxonomy/propagation/query reasoning are prior art",DEEP_MINED_PROTOTYPE_BOUND_PURL_UNVERIFIED
Ontological Lens on Attack Trees,SRC-PA-011,"ontological analysis of Attack Trees","UFO + COVER","conceptual analysis/modeling; exact companion artifact pending",no,"construct deficit/overload/redundancy/excess analysis","risk/attack-tree semantic adequacy concerns","ISO risk assessment context",security-method context,indirect,no,no,"not primary",no,"ontological-analysis evidence",security-focused,"peer-reviewed open publication + preprint lineage","Mandatory method/E10 comparator; foundational semantic-language analysis is prior art",DEEP_PROFILED_V0_1
WATCHDOG,SRC-PA-012,"ontology-aware formal risk assessment via DOGs","COVER + formal methods","DOGs + DOGLog + DOGLang + attack/fault trees",no,"formal logic and object-aware constraints","formal risk/disruption queries","not standards-first",object-aware operational reasoning,indirect,no,no,"not risk-register focused",case_demo,"formal-query demonstration",safety/security examples,"peer-reviewed article + arXiv lineage; code binding pending","Strong method/application comparator; ontology+formal risk reasoning is prior art",DEEP_PROFILED_V0_1
Unified Architecture for Risk Reasoning,SRC-PA-013,"Ontology-grounded risk reasoning architecture linking deductive proving and model checking","UFO-related author project; paper architecture is not the same as a certified operational risk model","author-linked Lean UFO repository at commit 0f818fcfd54d53892041e74008556337ecd7bdb5; exact risk-to-Storm integration artifact UNKNOWN",not_verified,"Lean finite-model certificates in linked UFO project; paper-level integration obligations not verified",not_verified,"risk/safety/security formal-method scope; not standards-first",not_primary,indirect,no,no,"not operational register focused",not_verified,"vision architecture; operational comparison result not verified",cross_formalism_intent,"publisher DOI + exact linked repository commit + AGPL-3.0; no paper-specific release verified","Generic ontology + theorem-prover + model-checker architecture is prior art; distinguish described vision and linked foundational DSL from end-to-end implementation",DEEP_PROFILED_FOUNDATIONAL_ARTIFACT_BOUND_PIPELINE_UNKNOWN
RisKG risk-register knowledge graph,SRC-PA-016,"construction project risk-register knowledge graph","application ontology / data-driven graph model","Neo4j ontology/schema + dashboard",graph_schema,"graph structure","risk-source/risk/rating/consequence/mitigation retrieval","not standards-first","project operational integration",no,no,no,"directly sourced from semi-structured risk register",case_project,"dashboard retrieval verification","construction domain","open article; RisKG graph/data commit 435b6b0 and ConRisk dashboard commit 9738b8e; license/rerun not assessed","Direct SR-C2 comparator; risk-register→KG mapping itself is not novel",DEEP_PROFILED_TWO_ARTIFACTS_COMMIT_BOUND
RiskHub semantic-aware risk register,SRC-PA-017,"ontology-informed risk-register conceptual/logical/physical data model + DSS","ORM ontology + ISO/IEC 27005 + COSO + RDOS","relational conceptual/logical/physical models + MySQL prototype",no,"relational constraints/data model","operational dashboard queries/workflow","COSO + ISO/IEC 27005","business function/risk owner/mitigation/status",strong,no,no,"direct risk-register redesign from spreadsheet; status/owner/scenario/mitigation",real_case,"12-expert exploratory evaluation","critical-infrastructure domain with adaptability claim","open 2026 article; publisher JPG supplement and 2021 cited thesis identified; 2026 executable/model release UNKNOWN","Closest current SR-C2/RDB comparator; ontology-informed relational risk register and expert evaluation are prior art",DEEP_PROFILED_SUPPLEMENT_BOUND_IMPLEMENTATION_UNKNOWN
Pharma ontology + FQFD,SRC-PH-008,"operational risk identification prioritization and mitigation in Pharma supply chain","not foundational; reuses operational-risk ontology","ontology queries + FQFD + cause-effect mitigation","ontology implementation reused; exact artifact pending","linguistic probability/impact query logic","risk-identification queries","pharma/logistics practice rather than standards ontology","pharmaceutical company transport/storage","process/objective linkage","yes","pharma supply/transport/storage","not primary risk-register ontology","real company case","application decision-support evidence","Pharma operational case","open article; 2019 cited ground-transport ontology and 2017 IEOM same-group Risk Register sibling bound bibliographically; exact OWL UNKNOWN","Strong Pharma application prior art; ontology-supported identification/prioritization/mitigation is not novel",DEEP_MINED_V0_2_LINEAGE_BOUND_ARTIFACT_UNKNOWN
Moroccan medicines-supply risk ontology,SRC-PH-011,"medicines supply-chain risk ontology for public hospitals","UML/domain ontology; no UFO","OWLGred from UML toward OWL","OWL-oriented formalization via OWLGred","not deeply extracted","risk identification/classification","not standards-first","multi-partner hospital medicines supply","supply-chain/process linkage","yes","public-hospital medicines supply","risk categories/management levels; register-like taxonomy source","case/domain application","future user validation proposed","Morocco/public hospitals","CC BY 4.0 paper; IEOM 2017 same-group sibling has Risk Register Table 3; exact ontology file unresolved","Direct Pharma supply-risk ontology prior art and PH-009 predecessor",DEEP_PROFILED_V0_1
Pharma supply-chain domain ontology,SRC-PH-009,"domain ontology + decision support for pharmaceutical supply-chain risks","UML/domain ontology; no UFO","UML conceptualization→OWLGred/OWL formalization path","OWL-oriented; exact ontology file unresolved","not verified","risk identification and semantic description","not standards-first","multi-partner Pharma supply chain","strategic/tactical/operational levels","yes","pharma/medicines supply","six risk categories and partner-oriented risk management","not formal dataset validation","broader final-user validation proposed","Moroccan medicines/pharma supply","publisher index 2021 pp.13-20 vs PDF header 2020/page profile 13-18; artifact unresolved","Strong SR-C3 prior art; Pharma risk ontology/interoperability itself is not novel",DEEP_MINED_V0_1
