comparator,requirements_cqs,evidence_source_selection,systematic_or_structured_review,source_complete_concept_extraction,reuse_alignment_decisions,foundational_ontology,conceptual_modeling,formal_language,constraint_validation,reasoning,dataset_case_validation,expert_validation,comparative_evaluation,transferability_test,reproducibility_release,method_strength_for_semrisk_comparison,current_evidence_status
COVER,"not extracted yet","multiple theories stated","not verified","not verified","foundation itself","UFO","OntoUML","OWL/gUFO","not verified","formal axioms present; reasoner evidence not extracted","not verified","not verified","not verified","reference-ontology intent","public repo + paper; exact release method to inspect","foundational ontological rigor and value-risk semantics","baseline verified; deep method extraction pending"
ROSE,"not extracted yet","risk/security/prevention ontology lineage","not verified","not verified","builds on existing ontologies","UFO/COVER-related","OntoUML","OWL/gUFO","not verified","not extracted","not verified","not verified","not verified","security-reference scope","public repo/PURL + erratum","reuse of well-founded prior ontologies and precise treatment/prevention semantics","baseline verified; deep method extraction pending"
AIRO,"use cases/regulatory requirements; CQ details to extract","EU AI Act + ISO standards + real-world AI-risk cases","structured standards/regulatory derivation; exact review protocol to extract","not source-complete by SemRisk definition","reuse/mapping details to extract","not claimed in verified baseline","ontology engineering; details to extract","OWL/RDF serializations","SHACL/N3 assets","SPARQL/rule assets; OWL reasoning to inspect","real-world AIAAIC use cases reported","not verified","not verified","AI-domain only","w3id + public repo + CC BY 4.0","strong executable standards-aligned domain ontology benchmark","artifact baseline verified; paper-method extraction pending"
RISKMAN,"documentation/conformity requirements; detailed CQ extraction pending","ISO 14971 + VDE Spec + real documentation","LOT/NeOn-based methodology reported","iterative terminology/standards/documentation extraction; exact completeness process to inspect","reuse decisions to inspect","not verified as UFO-style foundation","ontology engineering methodology","OWL","SHACL","HermiT/quality tooling reported","risk-management documentation/examples","domain-expert involvement reported","not verified","medical-device domain","public w3id + peer-reviewed artifact","strongest current benchmark for combined standard alignment + SHACL + experts + reasoning","peer-reviewed method baseline verified; technical artifact extraction pending"
SemRisk,"RQ/CQ registry planned #7; contribution-driven","operational spreadsheet + papers + standards + ontologies + public datasets + internal CM-PharmE","review protocol frozen; broad scoping/mapping + closest-work structured comparison + focused Pharma/Health review","explicit exhaustive source-mining protocol with coverage/disposition; operational source completed","explicit import/reference/extend/align/create/defer gate planned #21","UFO/gUFO + COVER grounding planned #25","OntoUML planned #25","modular Turtle/OWL planned #27","SHACL planned #26/#27","reasoner/profile checks planned #29","Pharma dataset bundle planned #28/#30","bounded expert/semantic validation planned #30 if feasible","E10 required #31","E11 required #31 across operational + Pharma and optional Health/PV","OGCM-RF manifest/profile + SHA-bound G5 release planned","candidate advantage is traceable integration of deep multi-source evidence, well-founded core, enterprise/EA profile, domain dataset and E1–E11 evaluation; NOT yet proven","W0 complete for source protocol; W1 active; later method cells remain planned"
Oliveira risk-management programme,"ontology-analysis/modeling needs; scenario/incident semantics","reference ontologies + risk-management techniques","representative/targeted rather than SemRisk-style source-complete review","not source-complete by SemRisk definition","explicit reuse of COVER/ROSE/ROT/ResiliOnt","UFO","OntoUML","OWL/gUFO direction","ontological-analysis mismatch diagnostics","semantic services/formal follow-ups","technique/domain examples","expert input appears in follow-up lineage","strong closest-program comparison required","cross-technique intent","open CEUR + follow-up lineage","very strong comparator for ontology-network + language-analysis method","seed deep-mined; lineage active"
PA-015 Risk Propagation Semantics,"expert-derived query needs + conceptual propagation questions","COVER + representative propagation literature","targeted Google Scholar review allintitle risk propagation 2000-2021; authors state non-complete","conceptual deep analysis of selected definitions/graphs","COVER as reference model","UFO through COVER","ontological analysis of graph semantics","conceptual ontology semantics","semantic disambiguation of links/relations","probabilistic graphs + ontology-driven architecture proposed","cybersecurity examples","5 domain security experts for unsupported query elicitation","not comparative evaluation in SemRisk sense","cross-domain semantic intent","open final publication","strong conceptual-method benchmark for relation semantics and expert query elicitation","deep-mined v0.1"
PA-011 Attack Trees Ontological Lens,"attack-tree risk-modeling requirements","COVER + UFO + AT literature","related-work analysis; not systematic review","full modeling-language construct analysis","COVER/UFO reference mapping","UFO/COVER","UML/metamodel + ontological analysis","not primary OWL implementation","construct deficit/overload/redundancy/excess","formal AT semantics remain external","AT examples","not central in verified profile","compares extensions/guidance approaches qualitatively","security scope","peer-reviewed open + arXiv lineage","strong benchmark for ontology-based modeling-language evaluation","deep-profiled v0.1"
WATCHDOG,"formal object-oriented risk queries","COVER + fault/attack tree formal methods","not systematic review","formal framework construction rather than source mining","operationalizes COVER notions","COVER/UFO lineage","DOG object/event graph formalism","DOGLog + DOGLang","formal logic","formal query/evaluation over DOG models","representative safety-security case","not primary in verified profile","application/formal demonstration","safety/security domain","peer-reviewed + preprint lineage; code binding pending","strong formal-method comparator; shows ontology+logic/query integration prior art","deep-profiled v0.1"
RiskHub 2026,"requirements analysis + operational RM process redesign","COSO + ISO/IEC27005 + ORM ontology + RDOS + company data","knowledge synthesis; not SemRisk-style source-complete review","bottom-up data-driven conceptual modeling","ontology-informed relational redesign","not UFO","As-Is→To-Be conceptual model","relational model + MySQL","DB integrity constraints","dashboard/data-query implementation","real railway case","12-expert exploratory elicitation","evaluates completeness/accuracy/adaptability/extensibility","critical-infrastructure application; adaptability claimed","open peer-reviewed paper; supplementary binding pending","very strong comparator for ontology-informed risk-register/RDB/application evaluation","discovery verified; deep mining pending"
PH-008 Ontology+FQFD,"operational risk identification/prioritization needs","literature + company experts/history + reused ontology","targeted application literature; not systematic source-complete review","risk list and probability/impact operationalization rather than exhaustive ontology mining","reuses prior operational-risk ontology","not foundational","reused ontology model","ontology querying + FQFD","linguistic probability/impact classification","query-driven risk identification and FQFD prioritization","real Pharma company transport/storage case","company expert input","application results; no ontology-comparator evaluation","single Pharma company/logistics context","open article; reused ontology artifact unresolved","strong benchmark for ontology+MCDM operational workflow","deep-mined v0.1"
PH-009 Moroccan Pharma risk ontology,"shared vocabulary/interoperability/risk-identification requirements","risk literature + partner/supply-chain context","literature/corpus based; no systematic review claim","build corpus and extract domain concepts","local domain ontology; predecessor lineage","not foundational","UML conceptualization","OWL via OWLGred","not reported","reasoning/interoperability intended","public-hospital medicines supply context","broader user validation proposed as future work","not formal comparative evaluation","Moroccan public-hospital supply","DOI/public text; ontology file unresolved","important historical Pharma ontology-engineering comparator; weaker evaluation than SemRisk planned profile","deep-mined v0.1"
PA-006 Beyond Risk Propagation,"literature-derived risk-propagation query set with domain-expert review","COVER and 2023 propagation lineage","targeted literature/query elicitation; not claimed exhaustive","paper-level conceptual/query extraction; no source-complete corpus claim","COVER-inspired alignment; exact import unverified","UFO/COVER-inspired","risk-assessment relation graph","ProbLog-style public prototype at commit 76cf94d; paper exact PURL identity unverified","rules and quantitative assessments; no SemRisk SHACL-equivalence claim","probabilistic facts/rules and one active mitigation query in pinned snapshot","cybersecurity proof of concept","expert-reviewed query elicitation reported; no independent SemRisk expert study","no head-to-head SemRisk evaluation","cross-domain intent; cyber case examined","CC BY-NC-SA 4.0 code vs CC BY 4.0 paper; no lockfile/clean run verified","strong prior art for assessor/context/assessment taxonomy and executable risk-query model","paper deep-mined; matching prototype commit-bound; PURL/reproduction NOT_ASSESSED"
