record_id,canonical_source_id,discovery_identity,version_lineage,topic_family,screening_decision,materiality,evidence_role,dedup_rule,current_status,notes
SCR-001,SRC-ON-001,COVER paper + repository,paper↔formal artifact,foundational-risk,include,critical,comparative/design,one scholarly work plus living artifact; not double-counted,deep-profile-pending,"Primary foundation/reuse target"
SCR-002,SRC-ON-002,ROSE paper + repository,paper↔formal artifact,security-risk,include,high,comparative/design,one scholarly work plus corrected living artifact; erratum tracked,deep-profile-pending,"Treatment/security alignment target"
SCR-003,SRC-ON-003,AIRO publication + repository,paper↔release artifacts,domain-risk,include,medium-high,comparative,publication and repository are linked lineage,deep-profile-pending,"Executable standards-aligned domain ontology benchmark"
SCR-004,SRC-ON-004,RISKMAN preprint + peer-reviewed publication + w3id,arXiv 2024→peer-reviewed 2025→artifact,health-risk,include,high,comparative/method,one research lineage; peer-reviewed article canonical for scholarly comparison,deep-profile-pending,"Health/method benchmark"
SCR-005,SRC-PA-005,Toward ontology-based modeling for risk management,VMBO 2025 proposal→follow-up programme,generic-risk-ontology,include,critical,comparative/method,programme seed; follow-up papers linked but not collapsed because contributions differ,deep-mined-v0.1,"Mandatory closest-program seed"
SCR-006,SRC-PA-011,Ontological Lens on Attack Trees,arXiv 2506.23841→FOIS 2025,method/security-risk,include,high,comparative/method,FOIS peer-reviewed version canonical; arXiv is preprint lineage,deep-profiled-v0.1,"Concrete PA-005 programme execution"
SCR-007,SRC-PA-012,WATCHDOG,arXiv 2412.13964 v1/v2→CAiSE 2025,formal-risk-assessment,include,critical,comparative/method,CAiSE peer-reviewed version canonical; preprint versions linked,deep-profiled-v0.1,"Ontology + formal methods comparator"
SCR-008,SRC-PA-015,On the Semantics of Risk Propagation,RCIS 2023,propagation-semantics,include,critical,comparative/design,distinct conceptual contribution in same propagation programme,deep-mined-v0.1,"Foundational propagation semantics"
SCR-009,SRC-PA-010,Process-Aware Risk Propagation,preprint lineage→SAC 2023,propagation-implementation,include,high,comparative/application,distinct proof-of-concept contribution; linked to PA-015/PA-006 but not merged,deep-profiled-code-ref-unknown,"OWL/Neo4j/Python process-aware propagation POC; exact source artifact unresolved"
SCR-010,SRC-PA-006,Beyond Risk Propagation,JOWO 2025 / CEUR 4176,propagation-assessment,include,critical,comparative/method/application,distinct mature contribution in same lineage,deep-mined-v0.1,"Assessment taxonomy + ProbLog + queries"
SCR-011,SRC-PA-009,ArchiMate risk redesign,EDOC 2018,enterprise-architecture-risk,include,critical,comparative/design,single canonical paper; repository/formal artifact if found will be linked,deep-mined-v0.1,"Direct SR-C2 comparator"
SCR-012,SRC-PH-007,Pharma QRM ontology,Expert Systems with Applications 2012,pharma-qrm,include,critical,comparative/design,single article; artifact lineage unresolved,full-text-blocked,"Direct SR-C3 prior art"
SCR-013,SRC-PA-016,RisKG from project risk register,KSCE 2023,risk-register-kg,include,high,comparative/application,single peer-reviewed article; ontology/dashboard artifacts linked if resolved,deep-mining-pending,"Direct risk-register→KG prior art"
SCR-014,SRC-PA-017,RiskHub semantic-aware risk data model,Operations Research Forum 2026,risk-register-rdb,include,critical,comparative/application/evaluation,single open peer-reviewed article; publisher JPG supplement and predecessor thesis bound; 2026 executable unknown,deep-profiled-implementation-unknown,"Closest current ontology-informed risk-register/RDB comparator"
SCR-015,SRC-ST-007,NIST IR 8286 Rev.1,NIST 2020→Rev.1 2025,enterprise-risk-register,include,critical,authority/design,current Rev.1 canonical; superseded 2020 retained as lineage,deep-mining-pending,"Official Risk Register/RDR schemas"
SCR-016,SRC-ST-008,NIST IR 8286A Rev.1,NIST 2021→Rev.1 2025,risk-identification-assessment,include,high,authority/design,current Rev.1 canonical; older edition lineage-linked,deep-mining-pending,"Scenario likelihood impact exposure register semantics"
SCR-017,SRC-ST-009,NIST IR 8286B Updated 1,NIST 2022→Updated1 2025,risk-prioritization-response,include,high,authority/design,current updated edition canonical,deep-mining-pending,"Priority response and enterprise aggregation semantics"
SCR-018,SRC-PA-014,News-informed probabilistic AI risk analysis,CAiSE 2026,news-risk,conditional,medium,future/comparative,distinct current work; Paper1 only if needed to bound future claims,future-profile-relevant,"Post-Paper1 Risk Intelligence comparator"
SCR-019,SRC-PH-008,"Ontology + FQFD Pharma operational risk","2020 open peer-reviewed application; reuses earlier ontology lineage","pharma-supply-risk","include","high","comparative|design|application","distinct application/method paper; cited 2019 chapter and same-group 2017 IEOM Risk Register sibling bound bibliographically; OWL remains unknown","deep-mined-v0.2-lineage-bounded","Ontology identification→FQFD prioritization→mitigation in real Pharma company"
SCR-020,SRC-PH-011,"Moroccan medicines-supply risk ontology","2017 MATEC ontology paper→later PH-009 domain-ontology paper","pharma-supply-risk","include","critical","comparative|design","treat as one evolving Moroccan medicines-supply ontology/modeling programme with PH-009/PH-012 and distinct IEOM 2017 sibling","lineage-deep-profiled-v0.2","Direct early medicines-supply risk ontology prior art"
SCR-021,SRC-PH-009,"Domain Ontology for Risks Management in Pharmaceutical Supply Chain","PH-011 2017→PH-009 publisher 2021 follow-up; PDF header 2020","pharma-supply-risk","include","critical","comparative|design|method","same research-program lineage; do not count as independent novelty vote","deep-mined-v0.1","UML→OWL/OWLGred Pharma supply-risk ontology with partner interoperability"
SCR-022,SRC-PH-012,"Medicines supply-chain information-system modeling","2017 online / 2020 Vol.13(2) pp.163-169; adjacent predecessor to PH-011/PH-009","pharma-supply-risk","conditional","medium","design|comparative","adjacent same-group modeling lineage; include where information-system/risk-model overlap matters","publisher-abstract-qualified-fulltext-blocked","UML-based medicines supply and risk modeling; full text not currently mined"
