search_id,date,channel,query_or_family,result_quality,material_delta,status,notes
SRCH-20260920-001,2026-09-20,OpenAlex,"risk ontology",high-noise,no,screened,"Generic risk causes unrelated results"
SRCH-20260920-002,2026-09-20,OpenAlex,"risk management ontology",high-noise,no,screened,"Needs phrase/field refinement"
SRCH-20260920-003,2026-09-20,OpenAlex,"enterprise risk ontology",high-noise,no,screened,"Needs alternate terminology"
SRCH-20260920-004,2026-09-20,OpenAlex,"risk register ontology",low-precision,no,screened,"No direct close work in first page"
SRCH-20260920-005,2026-09-20,OpenAlex,"dynamic risk management ontology",mixed,yes,screened,"Targeted verification required"
SRCH-20260920-006,2026-09-20,OpenAlex,"risk knowledge graph enterprise",high-noise,no,screened,"Alternate terminology required"
SRCH-20260920-007,2026-09-20,OpenAlex,"pharmaceutical risk ontology",high-noise,no,screened,"Biomedical risk dominates"
SRCH-20260920-008,2026-09-20,OpenAlex,"risk ontology evaluation methodology",high-noise,no,screened,"Not adequate alone"
SRCH-20260920-009,2026-09-20,Google Scholar,"The Common Ontology of Value and Risk",good,yes,screened,"Known comparator confirmed; 2025 lead found"
SRCH-20260920-010,2026-09-20,Google Scholar,"An Ontology of Security from a Risk Treatment Perspective",weak-recall,no,screened,"Repository verification preferred"
SRCH-20260920-011,2026-09-20,Google Scholar,"AIRO ontology risk",noisy,no,screened,"Exact artifact verification preferred"
SRCH-20260920-012,2026-09-20,Google Scholar,"Riskman ontology shapes risk management",weak-recall,no,screened,"Web/publisher verification stronger"
SRCH-20260920-013,2026-09-20,Google Scholar,"Ontology-Based System for Dynamic Risk Management in Administrative Domains",weak-recall,no,screened,"Publisher/web verification stronger"
SRCH-20260920-014,2026-09-20,Google Scholar,"Toward an ontology-based modeling for risk management",none,yes,screened,"Authoritative web record found separately"
SRCH-20260920-015,2026-09-20,Google Scholar,"risk register ontology risk management",low-precision,no,screened,"Unsaturated"
SRCH-20260920-016,2026-09-20,Google Scholar,"enterprise risk knowledge graph",none,no,screened,"Unsaturated"
SRCH-20260920-017,2026-09-20,targeted-web,"risk management ontology risk ontology semantic web",good,yes,screened,"Dynamic risk + Open Risk family + comparators"
SRCH-20260920-018,2026-09-20,targeted-web,"exact COVER ROSE AIRO RISKMAN titles/repositories",good,yes,screened,"Formal artifact loci reverified"
SRCH-20260920-019,2026-09-20,targeted-web,"risk ontology / risk management ontology 2025-2026",good,yes,screened,"Two material 2025 comparator candidates"
SRCH-20260920-020,2026-09-20,targeted-web,"risk register ontology 2025 semantic",low-yield,no,screened,"No direct close ontology found; not evidence of absence"
