relation_id,label,domain_conceptual,range_conceptual,formal_status,asserted_domains,asserted_ranges,conceptual_multiplicity,diagram_multiplicity_status,semantic_warning,diagram_instruction
SR-REL-001,concernsRisk,SR-CPT-033 or SR-CPT-034,SR-CPT-001,OWL_OBJECT_PROPERTY,,urn:semrisk:entity:SR-CPT-001,0..* to 1..* hypothesis,NO_GLOBAL_OWL_MULTIPLICITY,Exact multiplicity depends on register policy; do not make functional globally.,"Use named relation; distinguish conceptual proposal, asserted OWL and qualified shape. Never copy a SQL FK as universal cardinality."
SR-REL-002,describesScenario,SR-CPT-034,SR-CPT-006,OWL_OBJECT_PROPERTY,urn:semrisk:entity:SR-CPT-034,urn:semrisk:entity:SR-CPT-006,0..* descriptions per scenario,NO_GLOBAL_OWL_MULTIPLICITY,Do not infer description = scenario.,"Use named relation; distinguish conceptual proposal, asserted OWL and qualified shape. Never copy a SQL FK as universal cardinality."
SR-REL-003,realizedAs,SR-CPT-006,SR-CPT-007,OWL_OBJECT_PROPERTY,urn:semrisk:entity:SR-CPT-006,urn:semrisk:entity:SR-CPT-007,0..*,NO_GLOBAL_OWL_MULTIPLICITY,Exact modal semantics require #25.,"Use named relation; distinguish conceptual proposal, asserted OWL and qualified shape. Never copy a SQL FK as universal cardinality."
SR-REL-004,hasConsequence,SR-CPT-007 or SR-CPT-006,SR-CPT-008,OWL_OBJECT_PROPERTY,,urn:semrisk:entity:SR-CPT-008,0..*,NO_GLOBAL_OWL_MULTIPLICITY,Must not imply causal certainty from mere association.,"Use named relation; distinguish conceptual proposal, asserted OWL and qualified shape. Never copy a SQL FK as universal cardinality."
SR-REL-005,hasRiskSource,SR-CPT-001 or SR-CPT-006,SR-CPT-003,OWL_OBJECT_PROPERTY,,urn:semrisk:entity:SR-CPT-003,0..*,NO_GLOBAL_OWL_MULTIPLICITY,Source relation is weaker than causal relation by default.,"Use named relation; distinguish conceptual proposal, asserted OWL and qualified shape. Never copy a SQL FK as universal cardinality."
SR-REL-006,predisposedBy,SR-CPT-006 or SR-CPT-007,SR-CPT-004,OWL_OBJECT_PROPERTY,,urn:semrisk:entity:SR-CPT-004,0..*,NO_GLOBAL_OWL_MULTIPLICITY,Not equivalent to cause.,"Use named relation; distinguish conceptual proposal, asserted OWL and qualified shape. Never copy a SQL FK as universal cardinality."
SR-REL-007,triggeredBy,SR-CPT-007,SR-CPT-005,OWL_OBJECT_PROPERTY,urn:semrisk:entity:SR-CPT-007,urn:semrisk:entity:SR-CPT-005,0..*,NO_GLOBAL_OWL_MULTIPLICITY,Do not infer trigger = cause universally.,"Use named relation; distinguish conceptual proposal, asserted OWL and qualified shape. Never copy a SQL FK as universal cardinality."
SR-REL-008,causes,risk-chain entity,risk-chain entity,OWL_OBJECT_PROPERTY,,,none,NO_GLOBAL_OWL_MULTIPLICITY,Never inferred merely from sequence/dependency.,"Use named relation; distinguish conceptual proposal, asserted OWL and qualified shape. Never copy a SQL FK as universal cardinality."
SR-REL-009,associatedWith,risk-chain entity,risk-chain entity,OWL_OBJECT_PROPERTY,,,none,NO_GLOBAL_OWL_MULTIPLICITY,"Symmetry only for generic association, not directed dependency; formal split may be needed.","Use named relation; distinguish conceptual proposal, asserted OWL and qualified shape. Never copy a SQL FK as universal cardinality."
SR-REL-010,affects,SR-CPT-001/007/008,SR-CPT-002/037/038/039,OWL_OBJECT_PROPERTY,,,0..*,NO_GLOBAL_OWL_MULTIPLICITY,Potential vs realized effect semantics require care.,"Use named relation; distinguish conceptual proposal, asserted OWL and qualified shape. Never copy a SQL FK as universal cardinality."
SR-REL-011,exposes,SR-CPT-003/004,SR-CPT-002,OWL_OBJECT_PROPERTY,,,none,NO_GLOBAL_OWL_MULTIPLICITY,Financial/physical exposure refinements remain profile-level.,"Use named relation; distinguish conceptual proposal, asserted OWL and qualified shape. Never copy a SQL FK as universal cardinality."
SR-REL-012,hasVulnerability,SR-CPT-002,SR-CPT-009,OWL_OBJECT_PROPERTY,,urn:semrisk:entity:SR-CPT-009,0..*,NO_GLOBAL_OWL_MULTIPLICITY,Exact bearer/category requires #25.,"Use named relation; distinguish conceptual proposal, asserted OWL and qualified shape. Never copy a SQL FK as universal cardinality."
SR-REL-013,performedAssessmentOf,SR-CPT-011,SR-CPT-001,OWL_OBJECT_PROPERTY,urn:semrisk:entity:SR-CPT-011,urn:semrisk:entity:SR-CPT-001,1..* target hypothesis,LOCAL_PROFILE_CONSTRAINT_SEPARATE,Exact min cardinality belongs to #26/SHACL.,"Use named relation; distinguish conceptual proposal, asserted OWL and qualified shape. Never copy a SQL FK as universal cardinality."
SR-REL-014,usesAssessmentMethod,SR-CPT-011,SR-CPT-012,OWL_OBJECT_PROPERTY,urn:semrisk:entity:SR-CPT-011,urn:semrisk:entity:SR-CPT-012,0..1 or 1..* local hypothesis,LOCAL_PROFILE_CONSTRAINT_SEPARATE,Multi-method assessments possible; do not make functional globally.,"Use named relation; distinguish conceptual proposal, asserted OWL and qualified shape. Never copy a SQL FK as universal cardinality."
SR-REL-015,producesAssessmentResult,SR-CPT-011,SR-CPT-013,OWL_OBJECT_PROPERTY,urn:semrisk:entity:SR-CPT-011,urn:semrisk:entity:SR-CPT-013,1..* local hypothesis,LOCAL_PROFILE_CONSTRAINT_SEPARATE,No process/result collapse.,"Use named relation; distinguish conceptual proposal, asserted OWL and qualified shape. Never copy a SQL FK as universal cardinality."
SR-REL-016,assessmentResultConcerns,SR-CPT-013,SR-CPT-001,OWL_OBJECT_PROPERTY,urn:semrisk:entity:SR-CPT-013,urn:semrisk:entity:SR-CPT-001,0..*,LOCAL_PROFILE_CONSTRAINT_SEPARATE,One result may concern a compound context; exact semantics later.,"Use named relation; distinguish conceptual proposal, asserted OWL and qualified shape. Never copy a SQL FK as universal cardinality."
SR-REL-017,supportedByEvidence,SR-CPT-011/013/020,SR-CPT-020,OWL_OBJECT_PROPERTY,,urn:semrisk:entity:SR-CPT-020,0..*,NO_GLOBAL_OWL_MULTIPLICITY,"Evidence role is contextual, not intrinsic class identity.","Use named relation; distinguish conceptual proposal, asserted OWL and qualified shape. Never copy a SQL FK as universal cardinality."
SR-REL-018,generatedByObservation,SR-CPT-023,SR-CPT-022,OWL_OBJECT_PROPERTY,urn:semrisk:entity:SR-CPT-023,urn:semrisk:entity:SR-CPT-022,1 activity per result local hypothesis,NO_GLOBAL_OWL_MULTIPLICITY,Functionality only local hypothesis.,"Use named relation; distinguish conceptual proposal, asserted OWL and qualified shape. Never copy a SQL FK as universal cardinality."
SR-REL-019,hasProvenance,information/result artifact,SR-CPT-021,OWL_OBJECT_PROPERTY,,,0..*,NO_GLOBAL_OWL_MULTIPLICITY,Exact PROV-O predicates chosen in #21/#26.,"Use named relation; distinguish conceptual proposal, asserted OWL and qualified shape. Never copy a SQL FK as universal cardinality."
SR-REL-020,qualifiedByConfidence,SR-CPT-013/020,SR-CPT-019,OWL_OBJECT_PROPERTY,urn:semrisk:entity:SR-CPT-013,urn:semrisk:entity:SR-CPT-019,0..*,NO_GLOBAL_OWL_MULTIPLICITY,Confidence/uncertainty exact representation unresolved.,"Use named relation; distinguish conceptual proposal, asserted OWL and qualified shape. Never copy a SQL FK as universal cardinality."
SR-REL-021,selectsTreatmentStrategy,SR-CPT-001/033,SR-CPT-026,OWL_OBJECT_PROPERTY,,urn:semrisk:entity:SR-CPT-026,0..*,NO_GLOBAL_OWL_MULTIPLICITY,Decision event concept may need explicit representation in #25.,"Use named relation; distinguish conceptual proposal, asserted OWL and qualified shape. Never copy a SQL FK as universal cardinality."
SR-REL-022,planImplementsStrategy,SR-CPT-027,SR-CPT-026,OWL_OBJECT_PROPERTY,urn:semrisk:entity:SR-CPT-027,urn:semrisk:entity:SR-CPT-026,0..*,NO_GLOBAL_OWL_MULTIPLICITY,No global cardinality.,"Use named relation; distinguish conceptual proposal, asserted OWL and qualified shape. Never copy a SQL FK as universal cardinality."
SR-REL-023,activityExecutesPlan,SR-CPT-028,SR-CPT-027,OWL_OBJECT_PROPERTY,urn:semrisk:entity:SR-CPT-028,urn:semrisk:entity:SR-CPT-027,0..*,NO_GLOBAL_OWL_MULTIPLICITY,Plan can exist without execution.,"Use named relation; distinguish conceptual proposal, asserted OWL and qualified shape. Never copy a SQL FK as universal cardinality."
SR-REL-024,activityUsesControl,SR-CPT-028,SR-CPT-029,OWL_OBJECT_PROPERTY,urn:semrisk:entity:SR-CPT-028,urn:semrisk:entity:SR-CPT-029,0..*,NO_GLOBAL_OWL_MULTIPLICITY,Control may preexist the activity; no identity collapse.,"Use named relation; distinguish conceptual proposal, asserted OWL and qualified shape. Never copy a SQL FK as universal cardinality."
SR-REL-025,controlProtects,SR-CPT-029,SR-CPT-002/037/039,OWL_OBJECT_PROPERTY,urn:semrisk:entity:SR-CPT-029,,0..*,NO_GLOBAL_OWL_MULTIPLICITY,Do not equate presence of control with effectiveness.,"Use named relation; distinguish conceptual proposal, asserted OWL and qualified shape. Never copy a SQL FK as universal cardinality."
SR-REL-026,hasRiskOwner,SR-CPT-001/033,external Actor,OWL_OBJECT_PROPERTY,,,0..* context-specific,NO_GLOBAL_OWL_MULTIPLICITY,"Replaces prior `bearsRiskOwnerRole` shorthand because Risk Owner is a role type, not a role individual.","Use named relation; distinguish conceptual proposal, asserted OWL and qualified shape. Never copy a SQL FK as universal cardinality."
SR-REL-027,assignsResponsibilityFor,SR-CPT-031,SR-CPT-001/033/027,OWL_OBJECT_PROPERTY,urn:semrisk:entity:SR-CPT-031,,1..* target hypothesis,LOCAL_PROFILE_CONSTRAINT_SEPARATE,Risk is not forced to be a mediated endurant; exact accountability vs responsibility specialization remains future work.,"Use named relation; distinguish conceptual proposal, asserted OWL and qualified shape. Never copy a SQL FK as universal cardinality."
SR-REL-028,responsibilityAssignedTo,SR-CPT-031,external Actor or SR-CPT-030,OWL_OBJECT_PROPERTY,urn:semrisk:entity:SR-CPT-031,,1..* actor hypothesis,LOCAL_PROFILE_CONSTRAINT_SEPARATE,Mediation applies to endurant participants; exact actor ontology remains external.,"Use named relation; distinguish conceptual proposal, asserted OWL and qualified shape. Never copy a SQL FK as universal cardinality."
SR-REL-029,registerContainsEntry,SR-CPT-032,SR-CPT-033,OWL_OBJECT_PROPERTY,urn:semrisk:entity:SR-CPT-032,urn:semrisk:entity:SR-CPT-033,0..*,NO_GLOBAL_OWL_MULTIPLICITY,No inference that register contains actual Risk phenomena.,"Use named relation; distinguish conceptual proposal, asserted OWL and qualified shape. Never copy a SQL FK as universal cardinality."
SR-REL-030,hasWorkflowState,SR-CPT-033,SR-CPT-036,OWL_OBJECT_PROPERTY,urn:semrisk:entity:SR-CPT-033,urn:semrisk:entity:SR-CPT-036,1 current + historical many pattern,NO_GLOBAL_OWL_MULTIPLICITY,Closed must not imply Risk State cessation.,"Use named relation; distinguish conceptual proposal, asserted OWL and qualified shape. Never copy a SQL FK as universal cardinality."
SR-REL-031,hasRiskState,SR-CPT-001,SR-CPT-035,OWL_OBJECT_PROPERTY,urn:semrisk:entity:SR-CPT-001,urn:semrisk:entity:SR-CPT-035,1 current at defined context; historical many,NO_GLOBAL_OWL_MULTIPLICITY,Risk State boundary frozen by #70; no management/workflow labels in Core fixture.,"Use named relation; distinguish conceptual proposal, asserted OWL and qualified shape. Never copy a SQL FK as universal cardinality."
SR-REL-032,precedesState,SR-CPT-035 or SR-CPT-036,same state family,OWL_OBJECT_PROPERTY,,,0..*,NO_GLOBAL_OWL_MULTIPLICITY,Never use across Risk State vs Workflow State indiscriminately.,"Use named relation; distinguish conceptual proposal, asserted OWL and qualified shape. Never copy a SQL FK as universal cardinality."
SR-REL-033,supersedesAssessmentResult,SR-CPT-013,SR-CPT-013,OWL_OBJECT_PROPERTY,urn:semrisk:entity:SR-CPT-013,urn:semrisk:entity:SR-CPT-013,0..*,NO_GLOBAL_OWL_MULTIPLICITY,Do not delete/replace old result semantically.,"Use named relation; distinguish conceptual proposal, asserted OWL and qualified shape. Never copy a SQL FK as universal cardinality."
SR-REL-034,basedOnPriorAssessment,SR-CPT-011,SR-CPT-011/013,OWL_OBJECT_PROPERTY,,,0..*,NO_GLOBAL_OWL_MULTIPLICITY,Not every assessment is reassessment.,"Use named relation; distinguish conceptual proposal, asserted OWL and qualified shape. Never copy a SQL FK as universal cardinality."
SR-REL-035,hasIndicator,SR-CPT-001/039,SR-CPT-024,OWL_OBJECT_PROPERTY,,urn:semrisk:entity:SR-CPT-024,0..*,NO_GLOBAL_OWL_MULTIPLICITY,No claim that indicator is observation result itself.,"Use named relation; distinguish conceptual proposal, asserted OWL and qualified shape. Never copy a SQL FK as universal cardinality."
SR-REL-036,hasThreshold,SR-CPT-024/012/044,SR-CPT-025,OWL_OBJECT_PROPERTY,,urn:semrisk:entity:SR-CPT-025,0..*,NO_GLOBAL_OWL_MULTIPLICITY,Not Core by default.,"Use named relation; distinguish conceptual proposal, asserted OWL and qualified shape. Never copy a SQL FK as universal cardinality."
SR-REL-037,pharmaEntityInRiskContext,SR-CPT-001/006/007/008,SR-CPT-040 or other CM-PharmE external entity,OWL_OBJECT_PROPERTY,,,0..*,NO_GLOBAL_OWL_MULTIPLICITY,Exact bridge predicates finalized in #5/#21.,"Use named relation; distinguish conceptual proposal, asserted OWL and qualified shape. Never copy a SQL FK as universal cardinality."
SR-REL-038,profileExtendsCoreConcept,profile concept,Core concept,PATTERN_OR_METADATA,,,none,NO_GLOBAL_OWL_MULTIPLICITY,"May remain registry/mapping relation, not ontology property.","Use named relation; distinguish conceptual proposal, asserted OWL and qualified shape. Never copy a SQL FK as universal cardinality."
SR-REL-039,hasExposedSubject,SR-CPT-010,SR-CPT-002,OWL_OBJECT_PROPERTY,urn:semrisk:entity:SR-CPT-010,urn:semrisk:entity:SR-CPT-002,0..* global; qualified pair target exactly 1,QUALIFIED_PROFILE_ONLY,"No global functionality, causality or risk-score interpretation.",Draw Exposure endpoints by name; qualified min/max belongs to separate SHACL profile.
SR-REL-040,hasExposureSource,SR-CPT-010,SR-CPT-003,OWL_OBJECT_PROPERTY,urn:semrisk:entity:SR-CPT-010,urn:semrisk:entity:SR-CPT-003,0..* global; qualified pair target exactly 1,QUALIFIED_PROFILE_ONLY,"No global functionality, causality or risk-score interpretation.",Draw Exposure endpoints by name; qualified min/max belongs to separate SHACL profile.
