iri,kind,label
urn:semrisk:profile:information-state:ArtifactVersion,class,ArtifactVersion
urn:semrisk:profile:information-state:InformationContent,class,InformationContent
urn:semrisk:profile:information-state:ManagedInformationArtifact,class,ManagedInformationArtifact
urn:semrisk:profile:information-state:WorkflowAssignment,class,WorkflowAssignment
urn:semrisk:profile:information-state:WorkflowSchemeVersion,class,WorkflowSchemeVersion
urn:semrisk:profile:information-state:expressesContent,object_property,expressesContent
urn:semrisk:profile:information-state:inScheme,object_property,inScheme
urn:semrisk:profile:information-state:record,object_property,record
urn:semrisk:profile:information-state:scheme,object_property,scheme
urn:semrisk:profile:information-state:value,object_property,value
urn:semrisk:profile:information-state:versionOf,object_property,versionOf
