claim_id,contribution,current_status,evidence_role,denominator_or_scope,primary_evidence,negative_or_pending,manuscript_location,claim_ceiling,recheck_trigger
SR-CL01,SR-C1,supported_with_narrower_scope,design_and_formal_verification,Paper-1_selected_subset,ontology/core/semrisk-core-v0.1.0-rc.1.ttl;evaluation/integrity/r8-simulated-method-review-2026-09-25.md,real_expert_review_51_pending,Abstract;Introduction;Architecture;Conclusion,foundationally_analyzed_formally_verified_selected_pattern,expert_or_semantic_change
SR-CL02,SR-C2,supported_with_narrower_scope,design_and_operational_mapping,27_selected_SRC-OP-001_attributes,datasets/master-dataset-semantic-mapping-v1.0.csv,not_independent_not_ERM_complete,Operationalization;Evaluation,27_of_27_source_schema_dispositions,mapping_or_source_change
SR-CL03,SR-C2,partially_supported,architecture_reference_and_bounded_application,selected_EA_links,evaluation/architecture/ea-capability-nonclaim-matrix-v1.0.csv;evaluation/e10/claim-critical-external-locator-ledger-v0.1.csv,external_generic_owner_unbound_13_locators_open_PA006_PA009_prior_art,Architecture;Discussion,bounded_external_identity_and_linkage,EA_owner_or_13_change
SR-CL04,SR-C2,supported_with_narrower_scope,deterministic_task_regression,8_predeclared_pairs_17_direct_CQs,evaluation/parity/p49-parity-results-v1.0.csv,not_global_equivalence,Abstract;Evaluation;Discussion,8_of_8_equivalent_for_task,parity_or_migration_change
SR-CL05,SR-C3,supported_with_narrower_scope,constructed_case_plus_synthetic_fixture,one_DS-003_bounded_case,case/pharma/constructed-pharma-case-v1.1.ttl;literature/pharma/src-ph-003-medsupplykg-deep-profile.md,MedSupplyKG_Report_Shortage_prior_art_DS-004_blocked_51_pending,Abstract;Pharma Case;Discussion,bounded_constructed_federation,Pharma_source_or_bridge_change
SR-CL06,SR-C3,insufficient_evidence,design_used_sources_no_independent_holdout,one_operational_schema_one_Pharma_case,evaluation/e11/ds002-cross-domain-pharma-stress-contract-v1.0.md,independent_shortage_holdout_not_executed,Evaluation;Discussion,selected_cross_context_application_only,independent_E11_protocol_result
SR-CL07,SR-C1,partially_supported,comparative_literature,11_external_plus_SemRisk_17_dimensions_historical_plus_targeted_PH003_check,conceptualization/comparison/comparison-cell-evidence-index.csv;evaluation/e10/semrisk-p1-r2-self-row-v0.1.csv;evaluation/e10/claim-critical-external-locator-ledger-v0.1.csv,PA006_CELL059_corrected_PA009_and_PH003_prior_art_remaining_comparators_14_E10_pending,Related Work;Discussion,descriptive_difference_in_selected_set,closest_work_search_refresh
SR-CL08,SR-C1,supported_as_worded,formal_verification,exact_P1-R2_candidate,ontology/core/semrisk-core-v0.1.0-rc.1.ttl,semantic_truth_not_established,Abstract;Evaluation;Conclusion,consistency_in_declared_toolchain_and_axioms,formal_model_or_import_change
SR-CL09,Supporting,supported_with_narrower_scope,CI_rebuild_of_public_synthetic_artifacts,governed_public_subset,docs/governance/r6-remediation-acceptance-audit-2026-09-25.md,private_Jira_and_licensed_sources_unavailable,Evaluation;Availability;Discussion,bounded_reproducibility_not_unrestricted,release_55_and_availability_56
