claim_id,manuscript_section,unique_anchor,preliminary_status,material_threats,ceiling_and_residual
"SR-CL01","Abstract","This paper presents SemRisk, an evidence-grounded and well-founded semantic architecture for operational risk knowledge.","supported_with_narrower_scope","THR-CV-001;THR-CV-002;THR-CV-003;THR-IV-001;THR-IV-002;THR-CON-002;THR-OE-001","selected formally checked semantic pattern; no independent semantic validation"
"SR-CL02","V.A","The operational source is a Jira-style risk-register schema with 27 governed attributes.","supported_with_narrower_scope","THR-CV-001;THR-IV-001;THR-CON-001;THR-RP-001;THR-CON-002","27/27 selected schema dispositions; not correctness percentage"
"SR-CL03","IV.B","Architecture-facing `affects` assertions are interpreted as bounded links","partially_supported","THR-SR-002;THR-OE-003;THR-CON-002","selected external-owner enterprise links; no propagation or conformance"
"SR-CL04","VI.C","For the eight predeclared SQL↔SPARQL tasks, all eight are directly equivalent","supported_with_narrower_scope","THR-IV-003;THR-IV-004;THR-CON-004;THR-OE-002","8/8 task-specific direct parity after R6; not global equivalence"
"SR-CL05","V.C","The bounded Pharma case uses DS-003 as a qualified qualitative source and CM-PharmE v1.0.0 as an external semantic owner.","supported_with_narrower_scope","THR-IV-001;THR-IV-003;THR-EV-002;THR-EV-003;THR-LIC-001;THR-CON-002","one constructed case; synthetic execution not observed effectiveness; PH003 Report/Shortage prior art"
"SR-CL06","VI.E","The current evidence therefore supports bounded cross-context applicability, not independent transferability.","insufficient_evidence","THR-IV-001;THR-EV-001;THR-EV-002;THR-EV-003;THR-EV-004;THR-DT-001;THR-DT-002","no independent E11 shortage holdout"
"SR-CL07","II","The historical #22 comparison snapshot has 12 rows","partially_supported","THR-CON-003;THR-SR-001;THR-SR-002;THR-AI-001","descriptive integrated-chain comparison in 11 external baseline rows plus PH003; per-cell locators and current #14/E10 open"
"SR-CL08","VI.A","The E1–E4 package contains 21 declared evaluation records","supported_as_worded","THR-IV-004;THR-OE-001","formal verification for exact evaluated candidate; not domain truth"
"SR-CL09","VI.E","Public and synthetic evaluation artifacts are reproducible from governed paths.","supported_with_narrower_scope","THR-RP-001;THR-RP-002;THR-ETH-001;THR-LIC-001;THR-AI-001","access-bounded reproduction; private/licensed evidence restricted"
