matrix_id,term_family,source_or_family,source_native_meaning,semrisk_preferred_interpretation,relation,conflict_status,evidence_ref
CMP-001,Risk,ISO/COVER/UFO,"effect/uncertainty/value-risk semantics; well-founded risk structures","Risk as context-dependent phenomenon/pattern, not record/score","related/needs foundational refinement","OPEN_FOR_W2_FOUNDATIONALIZATION","ISO 31000/31073; COVER; PA-005/015"
CMP-002,Risk,Operational Jira,"single managed item with title owner status assessment fields","Risk Register Entry records information about Risk","operationalizes/records","RESOLVED_LABEL_CONFLATION","SRC-OP-001; REC-001/003"
CMP-003,Scenario,PA-005/PA-015,"possible-event/scenario contrasted with realized incident and relation semantics","Risk Scenario distinct from Scenario Description and Risk Event","semantic refinement","RESOLVED_FOR_UL","REC-002"
CMP-004,Scenario,NIST 8286A,"risk description records combined asset/threat/vulnerability/impact scenario information","Scenario Description is information representation of Risk Scenario","information-artifact relation","RESOLVED_FOR_UL","NIST 8286A baseline"
CMP-005,Assessment,Jira,"likelihood impact inherent residual fields","Risk Assessment Results","result-of activity","RESOLVED_FOR_UL","REC-004/005"
CMP-006,Assessment,PA-006/RISKMAN/IOF,"assessment process plus structured outputs","Risk Assessment Activity produces Risk Assessment Result","process/result split","RESOLVED_FOR_UL","REC-004"
CMP-007,State,Jira,"open/analyzed/treated/closed/ready/reviewed style status values","Workflow State","not Risk State","RESOLVED_FOR_UL","REC-006"
CMP-008,State,NIST iterative lifecycle,"current risk information snapshot changes with reassessment","Risk State/assessment context changes over time","related","RESOLVED_FOR_UL","NIST 8286A"
CMP-009,Owner,NIST/Jira,"named owner or owning unit for risk information","Risk Owner is a role borne by actor; organizational identity external","role interpretation","RESOLVED_FOR_UL","REC-007"
CMP-010,Control,GRC/ROSE/PA-006,"control as internal control/security mechanism/treatment-related measure","Control Mechanism","partial overlap","OPEN_SUBTYPING_W2","REC-008"
CMP-011,Treatment,ISO/Jira/PH-008,"response/mitigation strategy, plan and actions","separate Treatment Strategy, Plan and Activity","semantic split","RESOLVED_FOR_UL","REC-008"
CMP-012,Likelihood,Operational scales,"Very Low..Very High ordinal values","Likelihood Assessment Result with method-specific level vocabulary","method refinement","RESOLVED_FOR_UL","REC-011"
CMP-013,Probability,Formal/probabilistic works,"numeric probability","method-specific quantitative refinement of Likelihood Assessment Result","narrower/method-specific","OPEN_METHOD_MAPPING","IEC 31010; PA-006"
CMP-014,Frequency,Operational/risk methods,"observed or expected recurrence/count rate","not synonym of probability/likelihood by default","related not equivalent","RESOLVED_FALSE_SYNONYM","IEC 31010; source methods"
CMP-015,Impact,NIST/Jira,"estimated impact/exposure severity","Impact Assessment Result","assessment result","RESOLVED_FOR_UL","REC-004/011"
CMP-016,Consequence,COVER/NIST/Pharma,"outcome/effect resulting from event/scenario","Consequence entity/context, separately assessed for impact","distinct from Impact Assessment Result","RESOLVED_FOR_UL","REC-010"
CMP-017,Harm,RISKMAN/ISO14971,"negative consequence in medical-device safety","Health-profile narrowing of Consequence","narrower","RESOLVED_SCOPED","RISKMAN; ISO14971"
CMP-018,Evidence,OpenPVSignal/GRC/Pharma,"reports, supporting information, compliance or interview evidence","Evidence Item with contextual evidential role","related","RESOLVED_FOR_UL","REC-009"
CMP-019,Observation,PA-015,"observation changes assessor belief/judgment in propagation","Observation Activity/Result separate from Evidence Item","semantic split","OPEN_FORMAL_REFINEMENT_W2","PA-015"
CMP-020,Signal,OpenPVSignal,"PV signal/report with supporting evidence and provenance","profile-scoped Signal; not a Core synonym for Risk","not equivalent","RESOLVED_SCOPED","OpenPVSignal"
CMP-021,Risk taxonomy,Jira/Pharma reviews,"strategic/financial/operational/Pharma category labels","profile/mapping vocabulary only","not Core subclass by default","RESOLVED_FOR_UL","REC-012"
CMP-022,Pharma entity,CM-PharmE/shortage studies,"API, product, route, dosage, actors/processes","externally owned Pharma entities referenced by SemRisk profile","federated mapping","RESOLVED_OWNERSHIP","REC-014; DEP-003"
CMP-023,Threat and Opportunity,ISO/COSO/Jira,"negative/positive framing of uncertainty effects","Risk Nature polarity/classification candidate","classification not separate Risk identity","OPEN_W2_IDENTITY","REC-015"
CMP-024,Exposure,NIST/Finance/Safety,"rating, amount-at-risk, or condition of being exposed","profile/method refinements under provisional Exposure","polysemous","OPEN_PROFILE_REFINEMENT","G1 candidates; NIST"
CMP-025,Vulnerability,NIST/ROSE/Pharma,"weakness/predisposing condition/susceptibility","provisional cross-domain Vulnerability with profile refinements","near/broader","OPEN_FOUNDATIONAL_REFINEMENT","ROSE; NIST; PH-005"
