id,sabio_activity,primary_locator,executed_semrisk_steps,artifact_paths,completion_boundary,primary_source
D1,Purpose and requirements,"Section 3, pp. 3–5",MS-01..04,conceptualization/requirements/semantic-requirements-registry.csv;conceptualization/requirements/conceptual-cq-registry.csv,20 requirements and 40 CQs exist; independent user elicitation not newly performed,https://ceur-ws.org/Vol-1301/ontocomodise2014_2.pdf
D2,Capture and formalization,"Section 3, pp. 5–7","MS-05..08,MS-10",conceptualization/core/core-concept-registry-v0.1.csv;foundational/foundational-category-registry-v0.1.csv,47 concept dispositions audited; full editable OntoUML remains P08,https://ceur-ws.org/Vol-1301/ontocomodise2014_2.pdf
D3,Operational design,"Section 3, p. 7",MS-11..13,formalization/conceptual-formal-translation-contract-v0.1.md;architecture/g2/module-profile-registry-v0.1.csv,Architecture and encoding policy exist; new temporal profile has explicit promotion gate,https://ceur-ws.org/Vol-1301/ontocomodise2014_2.pdf
D4,Implementation,"Section 3, p. 8",MS-14..15,ontology/p1-r2-candidate-manifest.yaml;relational/sql/V001__paper1_projection.sql,Frozen modules/projection exist; revised time/scale fields not claimed integrated,https://ceur-ws.org/Vol-1301/ontocomodise2014_2.pdf
D5,Testing,"Section 3, p. 8 and Fig. 5",MS-16,evaluation/e10/controlled-distinction-study-v1/protocol.json;tools/r2_owner_rule_temporal_check.py,Bounded tests with input and expected outputs; no all-CQ or empirical validity inference,https://ceur-ws.org/Vol-1301/ontocomodise2014_2.pdf
S1,Knowledge acquisition,"Section 4, p. 9",MS-01..03,conceptualization/source-mining/source-register.csv,Governed sources; design input is not independent validation,https://ceur-ws.org/Vol-1301/ontocomodise2014_2.pdf
S2,Documentation,"Section 4, pp. 9–10",MS-01..17,docs/execution/2026-10-04/requirements.json;docs/ontology/domain-concept-reader-catalog.md,Versioned artifacts; final manuscript/Wiki synchronization pending,https://ceur-ws.org/Vol-1301/ontocomodise2014_2.pdf
S3,Configuration management,"Section 4, pp. 10–11",MS-17,ontology/p1-r2-candidate-manifest.yaml;docs/execution/2026-10-04/run-2-readback.json,Exact candidate refs; publication-bound release remains P18,https://ceur-ws.org/Vol-1301/ontocomodise2014_2.pdf
S4,Evaluation,"Section 4, pp. 11–12",MS-16,evaluation/vveaa/paper1-vveaa-execution-profile-v0.1.md,VVEAA is SemRisk reporting/decision arrangement; no imported author-paper outcomes,https://ceur-ws.org/Vol-1301/ontocomodise2014_2.pdf
S5,Reuse,"Section 4, p. 9","MS-07,MS-13",conceptualization/pharma/cm-pharme-release-citation-binding.md;foundational/risk-identity-continuity-contract-v0.1.md,Reference-based external ownership; no label-based equivalence or unlicensed import,https://ceur-ws.org/Vol-1301/ontocomodise2014_2.pdf
