component_id,layer,selected_component,selection_status,rationale,paper1_claims_supported,downstream_owner,gate_dependency,change_impact
SEL-001,Scientific design,Ontology-engineering design research with evidence synthesis + bounded operational/Pharma cases,FROZEN,Matches #39 and the actual evidence/application structure without overstating systematic-review status.,SR-CL01..09,#39/#53,G2/G4/G5,Changing study type triggers #39/#1/#53 review.
SEL-002,Research orchestration,OGCM-RF implementation profile with explicit decision gates,FROZEN,Provides evidence→decision→artifact→evaluation governance and prevents premature formalization.,SR-CL01; SR-CL07; SR-CL09,#8/#24/#54/#55,G2/G4/G5,Framework/profile change requires impact review.
SEL-003,Evidence discovery,Structured mapping/scoping + exhaustive source mining + governed stopping,FROZEN,Needed for novelty/source-completeness claims and already passed #40/G1.,SR-CL01; SR-CL07,#12-#18,G1 passed,Reopen only on scope/new-evidence triggers.
SEL-004,Terminology/conceptualization,Cross-source reconciliation + UL + anti-concepts + evidence-backed requirements/CQs,FROZEN,Prevents label/schema-driven modeling and freezes semantic contract before implementation.,SR-CL01; SR-CL02,#19/#7/#3/#20,G2,Changes require CQ/traceability regression.
SEL-005,Reuse/alignment,Reference/align external ontologies by default; import only after foundational/license gates,FROZEN,Protects SemRisk from false equivalence and duplicated prior art.,SR-CL01; SR-CL05; SR-CL07,#21/#25/#26,G2,Any new equivalence/import triggers #21/#25 review.
SEL-006,Foundational analysis,"UFO/gUFO + OntoUML, tested rather than assumed",SELECTED_PENDING_#25,"Best fit to COVER/ROSE lineage and claim of well-founded operational semantics, but exact categories must be justified per construct.",SR-CL01; SR-CL08,#25,G2,Failure narrows/removes well-foundedness wording.
SEL-007,Conceptual modeling diagnostics,OntoUML plus construct deficit/overload/redundancy/excess diagnostics,SELECTED_PENDING_#25,Adapts strongest closest-program semantic-analysis practice to test modeling adequacy.,SR-CL01; SR-CL07,#25/#31,G2/G4,"If not feasible, claim scope must narrow."
SEL-008,Formal ontology,Modular RDF/Turtle/OWL profile,SELECTED_PENDING_#26/#27,Needed for machine-readable semantics and reasoning while keeping profiles modular.,SR-CL08; SR-CL09,#26/#27/#29,G3/G4,Profile change triggers reasoning/CQ regression.
SEL-009,Closed-world constraints,SHACL for local structural/data constraints,SELECTED_PENDING_#26/#27,RISKMAN/AIRO show executable precedent; SemRisk needs CWA constraints separate from OWL truth.,SR-CL02; SR-CL08,#26/#27/#29/#52,G3/G4,Constraint changes require data/CQ regression.
SEL-010,Rules/business logic,Explicit rule/application layer separate from OWL; exact technology only if claim-required,FROZEN_POLICY,Prevents workflow/formula/business rules from being miscast as universal ontology axioms.,SR-CL02; SR-CL08,#26/#44/#48,G3/G4,Adding rules requires release/test binding.
SEL-011,Operational mapping,Governed field→semantic mapping from Jira/NIST schemas,FROZEN,Directly supports SR-C2 while prohibiting class-per-column translation.,SR-CL02; SR-CL03,#17/#45/#48/#52,G3A/G4,Mapping changes trigger parity/CQ regression.
SEL-012,Relational projection,"PostgreSQL relational twin as projection, not semantic source of truth",SELECTED,Adapts RiskHub operational strength but keeps ontology ownership; enables executable case and parity analysis.,SR-CL04,#45/#46/#47,#49/G4,"If projection omitted, SR-CL04 removed/narrowed."
SEL-013,Projection fidelity,SQL↔SPARQL parity + explicit semantic-loss/OWA-CWA analysis,SELECTED,Needed to distinguish SemRisk from simple ontology-informed RDB redesign.,SR-CL04; SR-CL09,#49,G4,Failure must be reported; no silent metric optimization.
SEL-014,Formal verification,Syntax/profile + reasoning + expected entailments + negative controls,SELECTED,Supports formal-correctness claim without conflating it with semantic validity.,SR-CL08,#29/#50,#54,Formal failures block formal-correctness claim.
SEL-015,Semantic/domain validation,Bounded independent expert review where feasible,SELECTED_CONDITIONAL,"Necessary for stronger semantic validity claims, but independence/eligibility must be frozen.",SR-CL01; SR-CL05,#51,G4,Unavailable experts narrow claims; do not substitute author judgment.
SEL-016,CQ evaluation,Conceptual CQs frozen pre-implementation; executable CQ regression on exact release,FROZEN,Prevents post-hoc test construction and directly evaluates intended semantic capabilities.,SR-CL01; SR-CL02; SR-CL05; SR-CL08,#52,G4,CQ semantic changes require #7 impact review.
SEL-017,Comparative evaluation,Common-dimension closest-work comparison without rankings,FROZEN,Supports bounded differentiation while acknowledging comparator strengths and unknowns.,SR-CL07,#22/#31/#53,G4,New closer work can reopen comparison.
SEL-018,Transferability,Bounded operational↔Pharma transfer test only if evidence independence remains defensible,CONDITIONAL,Supports SR-CL06 only with explicit matched/failed/unmapped cases and no universal inference.,SR-CL06,#28/#31/#52,#54,"If independence/coverage insufficient, remove SR-CL06."
SEL-019,Reproducibility,Immutable source/artifact/data/mapping/test/release binding,SELECTED,Required to make every claim refer to one reconstructable evaluated release.,SR-CL09,#43/#44/#55,G4/G5,Unbound artifacts block reproducibility claim.
SEL-020,Advanced formal methods,Theorem proving/model checking/probabilistic propagation,DEFERRED,"Strong prior art exists, but current Paper-1 claims do not require this burden; adding it would not create novelty.",none in P1,#36/future,Post-Paper1,"If future claims require proof/propagation, reopen method selection."
