scope,kind,conceptual_member_count,concept_names,definition_locator,count_rule
Core,portfolio_scope,29,Risk; Risk Subject; Risk Source; Predisposing Condition; Trigger; Risk Scenario; Risk Event; Consequence; Vulnerability; Exposure; Risk Assessment Activity; Risk Assessment Result; Likelihood Assessment Result; Impact Assessment Result; Inherent Risk Assessment Result; Residual Risk Assessment Result; Evidence Item; Provenance; Observation Activity; Observation Result; Risk Treatment Strategy; Risk Treatment Plan; Risk Treatment Activity; Control Mechanism; Risk Owner; Risk Responsibility; Risk Register Entry; Scenario Description; Risk State,docs/ontology/domain-concept-reader-catalog.md#domain-definitions,Shared conceptual membership; not additive and not OWL-module ownership.
Enterprise,portfolio_scope,9,Risk Treatment Plan; Risk Owner; Risk Register; Risk Register Entry; Scenario Description; Workflow State; Objective; Capability; Business Process,docs/ontology/domain-concept-reader-catalog.md#domain-definitions,Shared conceptual membership; not additive and not OWL-module ownership.
Architecture,portfolio_scope,2,Capability; Business Process,docs/ontology/domain-concept-reader-catalog.md#domain-definitions,Shared conceptual membership; not additive and not OWL-module ownership.
Health,portfolio_scope,2,Hazard; Harm,docs/ontology/domain-concept-reader-catalog.md#domain-definitions,Shared conceptual membership; not additive and not OWL-module ownership.
Pharma,portfolio_scope,2,Active Pharmaceutical Ingredient; Signal,docs/ontology/domain-concept-reader-catalog.md#domain-definitions,Shared conceptual membership; not additive and not OWL-module ownership.
Governance,portfolio_scope,9,Indicator; Threshold; Risk Treatment Strategy; Control Mechanism; Risk Responsibility; Risk Criteria; Risk Appetite; Risk Tolerance; Risk Nature,docs/ontology/domain-concept-reader-catalog.md#domain-definitions,Shared conceptual membership; not additive and not OWL-module ownership.
News,portfolio_scope,0,No assignments in current registry,docs/ontology/domain-concept-reader-catalog.md#domain-definitions,Shared conceptual membership; not additive and not OWL-module ownership.
Security,portfolio_scope,0,No assignments in current registry,docs/ontology/domain-concept-reader-catalog.md#domain-definitions,Shared conceptual membership; not additive and not OWL-module ownership.
Finance,portfolio_scope,0,No assignments in current registry,docs/ontology/domain-concept-reader-catalog.md#domain-definitions,Shared conceptual membership; not additive and not OWL-module ownership.
SupplyChain,portfolio_scope,0,No assignments in current registry,docs/ontology/domain-concept-reader-catalog.md#domain-definitions,Shared conceptual membership; not additive and not OWL-module ownership.
AI,portfolio_scope,0,No assignments in current registry,docs/ontology/domain-concept-reader-catalog.md#domain-definitions,Shared conceptual membership; not additive and not OWL-module ownership.
Environment,portfolio_scope,0,No assignments in current registry,docs/ontology/domain-concept-reader-catalog.md#domain-definitions,Shared conceptual membership; not additive and not OWL-module ownership.
Method,supporting_module,7,Risk Assessment Method; Risk Level Assessment Result; Assessment Confidence; Indicator; Threshold; Risk Criteria; Risk Nature,docs/ontology/domain-concept-reader-catalog.md#domain-definitions,Shared conceptual membership; not additive and not OWL-module ownership.
