coverage_id,source_id,version,unit,pdf_printed_pages,disposition,source_url
ICHQ9-COV-01,SRC-ST-004,EMA Corr.2 2025-01-23,front,1-3,IDENTITY_ONLY,https://www.ema.europa.eu/en/documents/scientific-guideline/international-conference-harmonisation-technical-requirements-registration-pharmaceuticals-human-use-ich-guideline-q9-r1-quality-risk-management-step-5-revision-2_en.pdf
ICHQ9-COV-02,SRC-ST-004,EMA Corr.2 2025-01-23,1,4-5,MINED_BOUNDED,https://www.ema.europa.eu/en/documents/scientific-guideline/international-conference-harmonisation-technical-requirements-registration-pharmaceuticals-human-use-ich-guideline-q9-r1-quality-risk-management-step-5-revision-2_en.pdf
ICHQ9-COV-03,SRC-ST-004,EMA Corr.2 2025-01-23,2,5,MINED_BOUNDED,https://www.ema.europa.eu/en/documents/scientific-guideline/international-conference-harmonisation-technical-requirements-registration-pharmaceuticals-human-use-ich-guideline-q9-r1-quality-risk-management-step-5-revision-2_en.pdf
ICHQ9-COV-04,SRC-ST-004,EMA Corr.2 2025-01-23,3,5,MINED_BOUNDED,https://www.ema.europa.eu/en/documents/scientific-guideline/international-conference-harmonisation-technical-requirements-registration-pharmaceuticals-human-use-ich-guideline-q9-r1-quality-risk-management-step-5-revision-2_en.pdf
ICHQ9-COV-05,SRC-ST-004,EMA Corr.2 2025-01-23,4,5-6,MINED_BOUNDED,https://www.ema.europa.eu/en/documents/scientific-guideline/international-conference-harmonisation-technical-requirements-registration-pharmaceuticals-human-use-ich-guideline-q9-r1-quality-risk-management-step-5-revision-2_en.pdf
ICHQ9-COV-06,SRC-ST-004,EMA Corr.2 2025-01-23,4.1,6-7,MINED_BOUNDED,https://www.ema.europa.eu/en/documents/scientific-guideline/international-conference-harmonisation-technical-requirements-registration-pharmaceuticals-human-use-ich-guideline-q9-r1-quality-risk-management-step-5-revision-2_en.pdf
ICHQ9-COV-07,SRC-ST-004,EMA Corr.2 2025-01-23,4.2,7,MINED_BOUNDED,https://www.ema.europa.eu/en/documents/scientific-guideline/international-conference-harmonisation-technical-requirements-registration-pharmaceuticals-human-use-ich-guideline-q9-r1-quality-risk-management-step-5-revision-2_en.pdf
ICHQ9-COV-08,SRC-ST-004,EMA Corr.2 2025-01-23,4.3,7-8,MINED_BOUNDED,https://www.ema.europa.eu/en/documents/scientific-guideline/international-conference-harmonisation-technical-requirements-registration-pharmaceuticals-human-use-ich-guideline-q9-r1-quality-risk-management-step-5-revision-2_en.pdf
ICHQ9-COV-09,SRC-ST-004,EMA Corr.2 2025-01-23,4.4,8,MINED_BOUNDED,https://www.ema.europa.eu/en/documents/scientific-guideline/international-conference-harmonisation-technical-requirements-registration-pharmaceuticals-human-use-ich-guideline-q9-r1-quality-risk-management-step-5-revision-2_en.pdf
ICHQ9-COV-10,SRC-ST-004,EMA Corr.2 2025-01-23,4.5,8-9,MINED_BOUNDED,https://www.ema.europa.eu/en/documents/scientific-guideline/international-conference-harmonisation-technical-requirements-registration-pharmaceuticals-human-use-ich-guideline-q9-r1-quality-risk-management-step-5-revision-2_en.pdf
ICHQ9-COV-11,SRC-ST-004,EMA Corr.2 2025-01-23,4.6,9,MINED_BOUNDED,https://www.ema.europa.eu/en/documents/scientific-guideline/international-conference-harmonisation-technical-requirements-registration-pharmaceuticals-human-use-ich-guideline-q9-r1-quality-risk-management-step-5-revision-2_en.pdf
ICHQ9-COV-12,SRC-ST-004,EMA Corr.2 2025-01-23,5,9-10,MINED_BOUNDED,https://www.ema.europa.eu/en/documents/scientific-guideline/international-conference-harmonisation-technical-requirements-registration-pharmaceuticals-human-use-ich-guideline-q9-r1-quality-risk-management-step-5-revision-2_en.pdf
ICHQ9-COV-13,SRC-ST-004,EMA Corr.2 2025-01-23,5.1,10-11,MINED_BOUNDED,https://www.ema.europa.eu/en/documents/scientific-guideline/international-conference-harmonisation-technical-requirements-registration-pharmaceuticals-human-use-ich-guideline-q9-r1-quality-risk-management-step-5-revision-2_en.pdf
ICHQ9-COV-14,SRC-ST-004,EMA Corr.2 2025-01-23,5.2,11-12,MINED_BOUNDED,https://www.ema.europa.eu/en/documents/scientific-guideline/international-conference-harmonisation-technical-requirements-registration-pharmaceuticals-human-use-ich-guideline-q9-r1-quality-risk-management-step-5-revision-2_en.pdf
ICHQ9-COV-15,SRC-ST-004,EMA Corr.2 2025-01-23,5.3,12,MINED_BOUNDED,https://www.ema.europa.eu/en/documents/scientific-guideline/international-conference-harmonisation-technical-requirements-registration-pharmaceuticals-human-use-ich-guideline-q9-r1-quality-risk-management-step-5-revision-2_en.pdf
ICHQ9-COV-16,SRC-ST-004,EMA Corr.2 2025-01-23,6,12-13,MINED_BOUNDED,https://www.ema.europa.eu/en/documents/scientific-guideline/international-conference-harmonisation-technical-requirements-registration-pharmaceuticals-human-use-ich-guideline-q9-r1-quality-risk-management-step-5-revision-2_en.pdf
ICHQ9-COV-17,SRC-ST-004,EMA Corr.2 2025-01-23,6.1,13-14,MINED_BOUNDED,https://www.ema.europa.eu/en/documents/scientific-guideline/international-conference-harmonisation-technical-requirements-registration-pharmaceuticals-human-use-ich-guideline-q9-r1-quality-risk-management-step-5-revision-2_en.pdf
ICHQ9-COV-18,SRC-ST-004,EMA Corr.2 2025-01-23,7,14-15,SELECTED_TERMS_MINED_REMAINDER_NEEDS_REVIEW,https://www.ema.europa.eu/en/documents/scientific-guideline/international-conference-harmonisation-technical-requirements-registration-pharmaceuticals-human-use-ich-guideline-q9-r1-quality-risk-management-step-5-revision-2_en.pdf
ICHQ9-COV-19,SRC-ST-004,EMA Corr.2 2025-01-23,8,16-17,BIBLIOGRAPHY_ONLY,https://www.ema.europa.eu/en/documents/scientific-guideline/international-conference-harmonisation-technical-requirements-registration-pharmaceuticals-human-use-ich-guideline-q9-r1-quality-risk-management-step-5-revision-2_en.pdf
ICHQ9-COV-20,SRC-ST-004,EMA Corr.2 2025-01-23,Figure 1,6,TEXT_CONTEXT_ONLY_VISUAL_PENDING,https://www.ema.europa.eu/en/documents/scientific-guideline/international-conference-harmonisation-technical-requirements-registration-pharmaceuticals-human-use-ich-guideline-q9-r1-quality-risk-management-step-5-revision-2_en.pdf
ICHQ9-COV-21,SRC-ST-004,EMA Corr.2 2025-01-23,Annex I introduction,18,SCOPE_REVIEWED,https://www.ema.europa.eu/en/documents/scientific-guideline/international-conference-harmonisation-technical-requirements-registration-pharmaceuticals-human-use-ich-guideline-q9-r1-quality-risk-management-step-5-revision-2_en.pdf
ICHQ9-COV-22,SRC-ST-004,EMA Corr.2 2025-01-23,Annex II introduction,22,SCOPE_REVIEWED,https://www.ema.europa.eu/en/documents/scientific-guideline/international-conference-harmonisation-technical-requirements-registration-pharmaceuticals-human-use-ich-guideline-q9-r1-quality-risk-management-step-5-revision-2_en.pdf
ICHQ9-COV-23,SRC-ST-004,EMA Corr.2 2025-01-23,I.1,18,NEEDS_DETAILED_METHOD_EXTRACTION,https://www.ema.europa.eu/en/documents/scientific-guideline/international-conference-harmonisation-technical-requirements-registration-pharmaceuticals-human-use-ich-guideline-q9-r1-quality-risk-management-step-5-revision-2_en.pdf
ICHQ9-COV-24,SRC-ST-004,EMA Corr.2 2025-01-23,I.2,18,NEEDS_DETAILED_METHOD_EXTRACTION,https://www.ema.europa.eu/en/documents/scientific-guideline/international-conference-harmonisation-technical-requirements-registration-pharmaceuticals-human-use-ich-guideline-q9-r1-quality-risk-management-step-5-revision-2_en.pdf
ICHQ9-COV-25,SRC-ST-004,EMA Corr.2 2025-01-23,I.3,18-19,NEEDS_DETAILED_METHOD_EXTRACTION,https://www.ema.europa.eu/en/documents/scientific-guideline/international-conference-harmonisation-technical-requirements-registration-pharmaceuticals-human-use-ich-guideline-q9-r1-quality-risk-management-step-5-revision-2_en.pdf
ICHQ9-COV-26,SRC-ST-004,EMA Corr.2 2025-01-23,I.4,19,NEEDS_DETAILED_METHOD_EXTRACTION,https://www.ema.europa.eu/en/documents/scientific-guideline/international-conference-harmonisation-technical-requirements-registration-pharmaceuticals-human-use-ich-guideline-q9-r1-quality-risk-management-step-5-revision-2_en.pdf
ICHQ9-COV-27,SRC-ST-004,EMA Corr.2 2025-01-23,I.5,19-20,NEEDS_DETAILED_METHOD_EXTRACTION,https://www.ema.europa.eu/en/documents/scientific-guideline/international-conference-harmonisation-technical-requirements-registration-pharmaceuticals-human-use-ich-guideline-q9-r1-quality-risk-management-step-5-revision-2_en.pdf
ICHQ9-COV-28,SRC-ST-004,EMA Corr.2 2025-01-23,I.6,20,NEEDS_DETAILED_METHOD_EXTRACTION,https://www.ema.europa.eu/en/documents/scientific-guideline/international-conference-harmonisation-technical-requirements-registration-pharmaceuticals-human-use-ich-guideline-q9-r1-quality-risk-management-step-5-revision-2_en.pdf
ICHQ9-COV-29,SRC-ST-004,EMA Corr.2 2025-01-23,I.7,20,NEEDS_DETAILED_METHOD_EXTRACTION,https://www.ema.europa.eu/en/documents/scientific-guideline/international-conference-harmonisation-technical-requirements-registration-pharmaceuticals-human-use-ich-guideline-q9-r1-quality-risk-management-step-5-revision-2_en.pdf
ICHQ9-COV-30,SRC-ST-004,EMA Corr.2 2025-01-23,I.8,20-21,NEEDS_DETAILED_METHOD_EXTRACTION,https://www.ema.europa.eu/en/documents/scientific-guideline/international-conference-harmonisation-technical-requirements-registration-pharmaceuticals-human-use-ich-guideline-q9-r1-quality-risk-management-step-5-revision-2_en.pdf
ICHQ9-COV-31,SRC-ST-004,EMA Corr.2 2025-01-23,I.9,21,NEEDS_DETAILED_METHOD_EXTRACTION,https://www.ema.europa.eu/en/documents/scientific-guideline/international-conference-harmonisation-technical-requirements-registration-pharmaceuticals-human-use-ich-guideline-q9-r1-quality-risk-management-step-5-revision-2_en.pdf
ICHQ9-COV-32,SRC-ST-004,EMA Corr.2 2025-01-23,II.1,22-23,NEEDS_DETAILED_PROFILE_EXTRACTION,https://www.ema.europa.eu/en/documents/scientific-guideline/international-conference-harmonisation-technical-requirements-registration-pharmaceuticals-human-use-ich-guideline-q9-r1-quality-risk-management-step-5-revision-2_en.pdf
ICHQ9-COV-33,SRC-ST-004,EMA Corr.2 2025-01-23,II.2,23,NEEDS_DETAILED_PROFILE_EXTRACTION,https://www.ema.europa.eu/en/documents/scientific-guideline/international-conference-harmonisation-technical-requirements-registration-pharmaceuticals-human-use-ich-guideline-q9-r1-quality-risk-management-step-5-revision-2_en.pdf
ICHQ9-COV-34,SRC-ST-004,EMA Corr.2 2025-01-23,II.3,23-24,NEEDS_DETAILED_PROFILE_EXTRACTION,https://www.ema.europa.eu/en/documents/scientific-guideline/international-conference-harmonisation-technical-requirements-registration-pharmaceuticals-human-use-ich-guideline-q9-r1-quality-risk-management-step-5-revision-2_en.pdf
ICHQ9-COV-35,SRC-ST-004,EMA Corr.2 2025-01-23,II.4,24-25,NEEDS_DETAILED_PROFILE_EXTRACTION,https://www.ema.europa.eu/en/documents/scientific-guideline/international-conference-harmonisation-technical-requirements-registration-pharmaceuticals-human-use-ich-guideline-q9-r1-quality-risk-management-step-5-revision-2_en.pdf
ICHQ9-COV-36,SRC-ST-004,EMA Corr.2 2025-01-23,II.5,25,NEEDS_DETAILED_PROFILE_EXTRACTION,https://www.ema.europa.eu/en/documents/scientific-guideline/international-conference-harmonisation-technical-requirements-registration-pharmaceuticals-human-use-ich-guideline-q9-r1-quality-risk-management-step-5-revision-2_en.pdf
ICHQ9-COV-37,SRC-ST-004,EMA Corr.2 2025-01-23,II.6,25-26,NEEDS_DETAILED_PROFILE_EXTRACTION,https://www.ema.europa.eu/en/documents/scientific-guideline/international-conference-harmonisation-technical-requirements-registration-pharmaceuticals-human-use-ich-guideline-q9-r1-quality-risk-management-step-5-revision-2_en.pdf
ICHQ9-COV-38,SRC-ST-004,EMA Corr.2 2025-01-23,II.7,26,NEEDS_DETAILED_PROFILE_EXTRACTION,https://www.ema.europa.eu/en/documents/scientific-guideline/international-conference-harmonisation-technical-requirements-registration-pharmaceuticals-human-use-ich-guideline-q9-r1-quality-risk-management-step-5-revision-2_en.pdf
ICHQ9-COV-39,SRC-ST-004,EMA Corr.2 2025-01-23,II.8,26,NEEDS_DETAILED_PROFILE_EXTRACTION,https://www.ema.europa.eu/en/documents/scientific-guideline/international-conference-harmonisation-technical-requirements-registration-pharmaceuticals-human-use-ich-guideline-q9-r1-quality-risk-management-step-5-revision-2_en.pdf
ICHQ9-COV-40,SRC-ST-004,EMA Corr.2 2025-01-23,II.9,26-27,MINED_BOUNDED,https://www.ema.europa.eu/en/documents/scientific-guideline/international-conference-harmonisation-technical-requirements-registration-pharmaceuticals-human-use-ich-guideline-q9-r1-quality-risk-management-step-5-revision-2_en.pdf
