map_id,semrisk_id,semrisk_term,external_ontology,external_version_binding,external_iri,lexical_evidence,structural_semantic_evidence,mapping_decision,confidence,equivalence_allowed,rationale,conflict_or_gap,downstream_owner
RO-001,SR-CPT-029,Control Mechanism,ROSE,commit 50ef1079... / owl/rose_gufo.owl,http://rose.com#SecurityMechanism,MEDIUM,HIGH,REFERENCE + EXTEND_PROFILE,high,NOT_YET,ROSE SecurityMechanism is a strong security-profile specialization of SemRisk's cross-domain control/mechanism semantics; ROSE also defines ControlCapability and ControlEvent patterns.,SemRisk must not rename SecurityMechanism and claim novelty; generic superpattern decision belongs to #25.,#25/#24
RO-002,SR-CPT-009,Vulnerability,ROSE,same pinned corrected commit,http://rose.com#Vulnerability,HIGH,HIGH,ALIGN_BRIDGE,high,NOT_YET,Strong semantic overlap with ROSE's gUFO-grounded vulnerability/disposition model.,SemRisk cross-domain scope may be broader than security profile.,#25
RO-003,SR-CPT-007,Risk Event,ROSE,same pinned corrected commit,http://rose.com#RiskEvent,HIGH,HIGH,ALIGN_BRIDGE,high,NOT_YET,Both represent risk-relevant event semantics and ROSE gives event-level causal/control patterns.,Event type/occurrence alignment remains foundationally sensitive.,#25
RO-004,SR-REL-008,causes,ROSE,same pinned corrected commit,http://rose.com#causes_2 | http://rose.com#directlyCauses | http://rose.com#causation,HIGH,PARTIAL_TO_HIGH,REFERENCE + ALIGN_BRIDGE,high,NO_GENERIC_EQUIVALENCE,ROSE has multiple causation relations specialized by event/value/security structures; SemRisk intentionally keeps causal-strength/provenance controls.,One generic equivalence would erase ROSE distinctions.,#25/#26
RO-005,SR-REL-025,controlProtects,ROSE,same pinned corrected commit,http://rose.com#countermeasureTo | http://rose.com#prevention,MEDIUM,HIGH_IN_SECURITY_PROFILE,EXTEND_PROFILE,high,NO_GENERIC_EQUIVALENCE,ROSE provides security-specific countermeasure/prevention semantics for control mechanisms and event types.,Use as security/profile alignment rather than universal Core equivalence.,#25
RO-006,SR-CPT-011,Risk Assessment Activity,ROSE,same pinned corrected commit,http://rose.com#RiskAssessment,HIGH,PARTIAL,REFERENCE_ONLY,medium,NO,ROSE inherits a COVER-style assessment structure and its exact activity/result interpretation differs from SemRisk's required split.,False-friend risk analogous to COVER.,#25
RO-007,SR-CPT-030,Risk Owner,ROSE,same pinned corrected commit,http://rose.com#RiskAssessor,LOW,LOW,REJECT_EQUIVALENCE,high,NO,"RiskAssessor is an assessment role, not ownership/accountability role.",Lexical/domain proximity must not force mapping.,#25
RO-008,SR-CPT-003,Risk Source,ROSE,same pinned corrected commit,http://rose.com#ThreatObject | http://rose.com#ThreatEvent,LOW,PARTIAL,EXTEND_PROFILE,medium,NO,"Threat semantics are narrower, security-oriented risk-source refinements.",Generic Risk Source remains broader.,#25
RO-009,SR-EVT-004,Risk Treatment Activity,ROSE,same pinned corrected commit,http://rose.com#ControlEvent | http://rose.com#ProtectionEvent,MEDIUM,PARTIAL_TO_HIGH,EXTEND_PROFILE,medium-high,NO,ROSE control/protection events are strong security specializations of treatment/protection activities.,Not all treatment is security control.,#25
RO-010,SR-CPT-026,Risk Treatment Strategy,ROSE,same pinned corrected commit,http://rose.com#SecurityMechanism [not strategy],LOW,LOW,REJECT_EQUIVALENCE,high,NO,A mechanism is not a strategy/decision artifact; SemRisk's treatment strategy must remain distinct.,Prevents mechanism/strategy conflation.,#20
