item_type,semantic_id,term,paper1_role,semantic_owner,architecture_module,external_owner_or_dependency,ownership_status,source_registry
concept,SR-CPT-001,Risk,P1_REQUIRED,SemRisk,Core,COVER primary; ROSE partial; ISO terminology,GOVERNED_UNIQUE,core-concept-registry-v0.1.csv
concept,SR-CPT-002,Risk Subject,REQUIRED,SemRisk,Core,COVER value bearer/object patterns; external domain entities remain externally owned,GOVERNED_UNIQUE,core-concept-registry-v0.1.csv
concept,SR-CPT-003,Risk Source,P1_REQUIRED,SemRisk,Core,NIST/RisKG source concepts; ROSE threat-source overlap,GOVERNED_UNIQUE,core-concept-registry-v0.1.csv
concept,SR-CPT-004,Predisposing Condition,P1_REQUIRED,SemRisk,Core,NIST/ROSE vulnerability-condition patterns,GOVERNED_UNIQUE,core-concept-registry-v0.1.csv
concept,SR-CPT-005,Trigger,P1_REQUIRED,SemRisk,Core,No single exact external owner; overlaps event/condition patterns,GOVERNED_UNIQUE,core-concept-registry-v0.1.csv
concept,SR-CPT-006,Risk Scenario,P1_REQUIRED,SemRisk,Core,Closest UFO/COVER programme scenario semantics,GOVERNED_UNIQUE,core-concept-registry-v0.1.csv
concept,SR-CPT-007,Risk Event,P1_REQUIRED,SemRisk,Core,UFO/COVER event/occurrence patterns,GOVERNED_UNIQUE,core-concept-registry-v0.1.csv
concept,SR-CPT-008,Consequence,P1_REQUIRED,SemRisk,Core,COVER consequence semantics; RISKMAN harm narrower,GOVERNED_UNIQUE,core-concept-registry-v0.1.csv
concept,SR-CPT-009,Vulnerability,P1_REQUIRED,SemRisk,Core,ROSE/NIST vulnerability semantics,GOVERNED_UNIQUE,core-concept-registry-v0.1.csv
concept,SR-CPT-010,Exposure,REQUIRED,SemRisk,Core,NIST/financial/safety meanings partially overlap,GOVERNED_UNIQUE,core-concept-registry-v0.1.csv
concept,SR-CPT-011,Risk Assessment Activity,P1_REQUIRED,SemRisk,Core,IOF/RISKMAN/NIST assessment process,GOVERNED_UNIQUE,core-concept-registry-v0.1.csv
concept,SR-CPT-012,Risk Assessment Method,REQUIRED,SemRisk,Method,IEC 31010 and domain methods own specific techniques,GOVERNED_UNIQUE,core-concept-registry-v0.1.csv
concept,SR-CPT-013,Risk Assessment Result,P1_REQUIRED,SemRisk,Core,IOF risk estimate/result; operational ratings,GOVERNED_UNIQUE,core-concept-registry-v0.1.csv
concept,SR-CPT-014,Likelihood Assessment Result,P1_REQUIRED,SemRisk,Core,NIST/IEC/operational scales,GOVERNED_UNIQUE,core-concept-registry-v0.1.csv
concept,SR-CPT-015,Impact Assessment Result,P1_REQUIRED,SemRisk,Core,NIST/IEC/RISKMAN severity semantics,GOVERNED_UNIQUE,core-concept-registry-v0.1.csv
concept,SR-CPT-016,Risk Level Assessment Result,OPTIONAL,SemRisk,Method,RISKMAN/NIST/risk matrices,GOVERNED_UNIQUE,core-concept-registry-v0.1.csv
concept,SR-CPT-017,Inherent Risk Assessment Result,P1_REQUIRED,SemRisk,Core,Operational/NIST terminology,GOVERNED_UNIQUE,core-concept-registry-v0.1.csv
concept,SR-CPT-018,Residual Risk Assessment Result,P1_REQUIRED,SemRisk,Core,IOF residual risk + operational semantics,GOVERNED_UNIQUE,core-concept-registry-v0.1.csv
concept,SR-CPT-019,Assessment Confidence,OPTIONAL,SemRisk,Method,NIST/empirical confidence concepts,GOVERNED_UNIQUE,core-concept-registry-v0.1.csv
concept,SR-CPT-020,Evidence Item,P1_REQUIRED,SemRisk,Core,PROV/OpenPVSignal/GRC evidence patterns,GOVERNED_UNIQUE,core-concept-registry-v0.1.csv
concept,SR-CPT-021,Provenance,P1_REQUIRED,SemRisk,Core,PROV-O primary external standard/pattern,GOVERNED_UNIQUE,core-concept-registry-v0.1.csv
concept,SR-CPT-022,Observation Activity,OPTIONAL,SemRisk,Core,Observation/monitoring ontology patterns to review under #21,GOVERNED_UNIQUE,core-concept-registry-v0.1.csv
concept,SR-CPT-023,Observation Result,OPTIONAL,SemRisk,Core,Observation/result patterns; OpenPVSignal evidence,GOVERNED_UNIQUE,core-concept-registry-v0.1.csv
concept,SR-CPT-024,Indicator,OPTIONAL,SemRisk,Method/Governance,Risk IT/GRC KRI semantics,GOVERNED_UNIQUE,core-concept-registry-v0.1.csv
concept,SR-CPT-025,Threshold,OPTIONAL,SemRisk Profile,Method/Governance,Framework/method-specific,GOVERNED_UNIQUE,core-concept-registry-v0.1.csv
concept,SR-CPT-026,Risk Treatment Strategy,P1_REQUIRED,SemRisk,Core/Governance,ISO treatment/response patterns,GOVERNED_UNIQUE,core-concept-registry-v0.1.csv
concept,SR-CPT-027,Risk Treatment Plan,P1_REQUIRED,SemRisk,Core/Enterprise,NIST/GRC plan structures,GOVERNED_UNIQUE,core-concept-registry-v0.1.csv
concept,SR-CPT-028,Risk Treatment Activity,P1_REQUIRED,SemRisk,Core,ISO treatment process; ROSE prevention semantics,GOVERNED_UNIQUE,core-concept-registry-v0.1.csv
concept,SR-CPT-029,Control Mechanism,P1_REQUIRED,SemRisk,Core/Governance,ROSE Security Mechanism; GRC internal controls,GOVERNED_UNIQUE,core-concept-registry-v0.1.csv
concept,SR-CPT-030,Risk Owner,P1_REQUIRED,SemRisk,Core/Enterprise,NIST/GRC role semantics,GOVERNED_UNIQUE,core-concept-registry-v0.1.csv
concept,SR-CPT-031,Risk Responsibility,P1_REQUIRED,SemRisk,Core/Governance,Governance responsibility patterns,GOVERNED_UNIQUE,core-concept-registry-v0.1.csv
concept,SR-CPT-032,Risk Register,P1_REQUIRED,SemRisk Profile,Enterprise,NIST 8286 primary authoritative register semantics,GOVERNED_UNIQUE,core-concept-registry-v0.1.csv
concept,SR-CPT-033,Risk Register Entry,P1_REQUIRED,SemRisk,Core/Enterprise,NIST RDR/Register; RisKG/RiskHub operational prior art,GOVERNED_UNIQUE,core-concept-registry-v0.1.csv
concept,SR-CPT-034,Scenario Description,P1_REQUIRED,SemRisk,Core/Enterprise,NIST risk description semantics,GOVERNED_UNIQUE,core-concept-registry-v0.1.csv
concept,SR-CPT-035,Risk State,P1_REQUIRED,SemRisk,Core,#25 foundational state treatment required,GOVERNED_UNIQUE,core-concept-registry-v0.1.csv
concept,SR-CPT-036,Workflow State,P1_REQUIRED,SemRisk Profile,Enterprise,Operational workflow semantics,GOVERNED_UNIQUE,core-concept-registry-v0.1.csv
concept,SR-CPT-037,Objective,P1_REQUIRED,External,Enterprise,Business/Enterprise ontology owner; SemRisk only links,GOVERNED_UNIQUE,core-concept-registry-v0.1.csv
concept,SR-CPT-038,Capability,P1_REQUIRED,External,Enterprise/Architecture,Enterprise/Business ontology owner,GOVERNED_UNIQUE,core-concept-registry-v0.1.csv
concept,SR-CPT-039,Business Process,P1_REQUIRED,External,Enterprise/Architecture,Business/process ontology owner,GOVERNED_UNIQUE,core-concept-registry-v0.1.csv
concept,SR-CPT-040,Active Pharmaceutical Ingredient,OPTIONAL,External,Pharma,CM-PharmE v1.0.0 explicitly checked and does not contain API/INN; terminology owner TBD,GOVERNED_UNIQUE,core-concept-registry-v0.1.csv
concept,SR-CPT-041,Hazard,DEFERRED,SemRisk Profile,Health,RISKMAN/ISO14971,GOVERNED_UNIQUE,core-concept-registry-v0.1.csv
concept,SR-CPT-042,Harm,DEFERRED,SemRisk Profile,Health,RISKMAN/ISO14971,GOVERNED_UNIQUE,core-concept-registry-v0.1.csv
concept,SR-CPT-043,Signal,OPTIONAL,SemRisk Profile,Pharma,OpenPVSignal primary comparator/owner for PV detail,GOVERNED_UNIQUE,core-concept-registry-v0.1.csv
concept,SR-CPT-044,Risk Criteria,OPTIONAL,SemRisk Profile,Governance/Method,ISO/Risk IT/NIST governance criteria,GOVERNED_UNIQUE,core-concept-registry-v0.1.csv
concept,SR-CPT-045,Risk Appetite,OPTIONAL,SemRisk Profile,Governance,External governance frameworks,GOVERNED_UNIQUE,core-concept-registry-v0.1.csv
concept,SR-CPT-046,Risk Tolerance,OPTIONAL,SemRisk Profile,Governance,External governance frameworks,GOVERNED_UNIQUE,core-concept-registry-v0.1.csv
concept,SR-CPT-047,Risk Nature,OPTIONAL,SemRisk,Method/Governance,#20/#25 must resolve polarity semantics,GOVERNED_UNIQUE,core-concept-registry-v0.1.csv
relation,SR-REL-001,concernsRisk,P1_REQUIRED,SemRisk,Core/Enterprise,NIST RDR/RiskHub/RisKG,GOVERNED_UNIQUE,relation-registry-v0.1.csv
relation,SR-REL-002,describesScenario,P1_REQUIRED,SemRisk,Core,NIST risk-description semantics,GOVERNED_UNIQUE,relation-registry-v0.1.csv
relation,SR-REL-003,realizedAs,P1_REQUIRED,SemRisk,Core,UFO/COVER programme,GOVERNED_UNIQUE,relation-registry-v0.1.csv
relation,SR-REL-004,hasConsequence,P1_REQUIRED,SemRisk,Core,COVER consequence semantics,GOVERNED_UNIQUE,relation-registry-v0.1.csv
relation,SR-REL-005,hasRiskSource,P1_REQUIRED,SemRisk,Core,NIST/RisKG,GOVERNED_UNIQUE,relation-registry-v0.1.csv
relation,SR-REL-006,predisposedBy,P1_REQUIRED,SemRisk,Core,NIST vulnerability/condition semantics,GOVERNED_UNIQUE,relation-registry-v0.1.csv
relation,SR-REL-007,triggeredBy,P1_REQUIRED,SemRisk,Core,Risk IT / operational frameworks,GOVERNED_UNIQUE,relation-registry-v0.1.csv
relation,SR-REL-008,causes,P1_REQUIRED,SemRisk,Core,PA-015 formal semantics,GOVERNED_UNIQUE,relation-registry-v0.1.csv
relation,SR-REL-009,associatedWith,P1_REQUIRED,SemRisk,Core,empirical association models,GOVERNED_UNIQUE,relation-registry-v0.1.csv
relation,SR-REL-010,affects,P1_REQUIRED,SemRisk,Core/Enterprise,ArchiMate risk redesign / enterprise ontologies,GOVERNED_UNIQUE,relation-registry-v0.1.csv
relation,SR-REL-011,exposes,P1_REQUIRED,SemRisk,Core,NIST/ROSE adjacent,GOVERNED_UNIQUE,relation-registry-v0.1.csv
relation,SR-REL-012,hasVulnerability,P1_REQUIRED,SemRisk,Core,ROSE/NIST,GOVERNED_UNIQUE,relation-registry-v0.1.csv
relation,SR-REL-013,performedAssessmentOf,P1_REQUIRED,SemRisk,Core,IOF/NIST,GOVERNED_UNIQUE,relation-registry-v0.1.csv
relation,SR-REL-014,usesAssessmentMethod,P1_REQUIRED,SemRisk,Core/Method,IEC 31010,GOVERNED_UNIQUE,relation-registry-v0.1.csv
relation,SR-REL-015,producesAssessmentResult,P1_REQUIRED,SemRisk,Core,IOF/RISKMAN,GOVERNED_UNIQUE,relation-registry-v0.1.csv
relation,SR-REL-016,assessmentResultConcerns,P1_REQUIRED,SemRisk,Core,NIST/IOF,GOVERNED_UNIQUE,relation-registry-v0.1.csv
relation,SR-REL-017,supportedByEvidence,P1_REQUIRED,SemRisk,Core,OpenPVSignal/PROV,GOVERNED_UNIQUE,relation-registry-v0.1.csv
relation,SR-REL-018,generatedByObservation,P1_REQUIRED,SemRisk,Core,observation ontology patterns,GOVERNED_UNIQUE,relation-registry-v0.1.csv
relation,SR-REL-019,hasProvenance,P1_REQUIRED,SemRisk,Core,PROV-O,GOVERNED_UNIQUE,relation-registry-v0.1.csv
relation,SR-REL-020,qualifiedByConfidence,P1_REQUIRED,SemRisk,Core/Method,external uncertainty vocabularies TBD,GOVERNED_UNIQUE,relation-registry-v0.1.csv
relation,SR-REL-021,selectsTreatmentStrategy,P1_REQUIRED,SemRisk,Core/Governance,ISO treatment semantics,GOVERNED_UNIQUE,relation-registry-v0.1.csv
relation,SR-REL-022,planImplementsStrategy,P1_REQUIRED,SemRisk,Core,NIST/GRC,GOVERNED_UNIQUE,relation-registry-v0.1.csv
relation,SR-REL-023,activityExecutesPlan,P1_REQUIRED,SemRisk,Core,ISO/PH-008,GOVERNED_UNIQUE,relation-registry-v0.1.csv
relation,SR-REL-024,activityUsesControl,P1_REQUIRED,SemRisk,Core/Governance,ROSE Security Mechanism,GOVERNED_UNIQUE,relation-registry-v0.1.csv
relation,SR-REL-025,controlProtects,P1_REQUIRED,SemRisk,Core/Governance,ROSE,GOVERNED_UNIQUE,relation-registry-v0.1.csv
relation,SR-REL-026,bearsRiskOwnerRole,P1_REQUIRED,SemRisk,Core/Enterprise,gUFO/UFO role patterns; NIST,GOVERNED_UNIQUE,relation-registry-v0.1.csv
relation,SR-REL-027,assignsResponsibilityFor,P1_REQUIRED,SemRisk,Core/Governance,NIST/GRC; UFO relator candidate,GOVERNED_UNIQUE,relation-registry-v0.1.csv
relation,SR-REL-028,responsibilityAssignedTo,P1_REQUIRED,SemRisk,Core/Governance,UFO relator candidate,GOVERNED_UNIQUE,relation-registry-v0.1.csv
relation,SR-REL-029,registerContainsEntry,P1_REQUIRED,SemRisk,Enterprise,NIST,GOVERNED_UNIQUE,relation-registry-v0.1.csv
relation,SR-REL-030,hasWorkflowState,P1_REQUIRED,SemRisk,Enterprise/Data,operational workflow models,GOVERNED_UNIQUE,relation-registry-v0.1.csv
relation,SR-REL-031,hasRiskState,P1_REQUIRED,SemRisk,Core,state ontologies TBD,GOVERNED_UNIQUE,relation-registry-v0.1.csv
relation,SR-REL-032,precedesState,P1_REQUIRED,SemRisk,Core/Enterprise,OWL-Time candidate,GOVERNED_UNIQUE,relation-registry-v0.1.csv
relation,SR-REL-033,supersedesAssessmentResult,P1_REQUIRED,SemRisk,Core,PROV revision/specialization candidates,GOVERNED_UNIQUE,relation-registry-v0.1.csv
relation,SR-REL-034,basedOnPriorAssessment,P1_REQUIRED,SemRisk,Core,PROV derivation candidate,GOVERNED_UNIQUE,relation-registry-v0.1.csv
relation,SR-REL-035,hasIndicator,P1_REQUIRED,SemRisk,Governance/Method,Risk IT KRI,GOVERNED_UNIQUE,relation-registry-v0.1.csv
relation,SR-REL-036,hasThreshold,P1_REQUIRED,SemRisk,Method/Governance,method frameworks,GOVERNED_UNIQUE,relation-registry-v0.1.csv
relation,SR-REL-037,pharmaEntityInRiskContext,P1_REQUIRED,SemRisk,Pharma Profile,CM-PharmE,GOVERNED_UNIQUE,relation-registry-v0.1.csv
relation,SR-REL-038,profileExtendsCoreConcept,P1_REQUIRED,SemRisk,Meta/Profile,ontology modularization practice,GOVERNED_UNIQUE,relation-registry-v0.1.csv
