change_class,semantic_effect,id_policy,version_effect,evaluation_reuse,required_lineage,examples
NON_SEMANTIC,"No intended change to meaning, entailments, constraints or mappings.",keep IDs,PATCH or no component bump if package metadata only,allowed with documented unaffected scope,predecessor commit/version,typo; comment; label formatting
EVIDENCE_ONLY,Changes source/provenance evidence without changing semantic commitment.,keep IDs,PATCH/evidence package bump,formal evidence may transfer; provenance/evidence checks rerun,evidence revision refs,new source locator; checksum correction
RENAME_IDENTITY_PRESERVING,Preferred label changes only.,keep ID and IRI,PATCH/MINOR according to package policy,transfer if no query uses label literals semantically,old/new labels; date; reason,RiskRecord → Risk Register Entry preference
ADDITIVE_COMPATIBLE,Adds new entity/relation/axiom without invalidating prior intended meaning.,allocate new IDs for new entities,MINOR,impact analysis + rerun affected tests,predecessor; added IDs,new optional profile concept
DEPRECATION_COMPATIBLE,Old entity retained but discouraged/replaced without changing its historical identity.,never reuse old ID; successor has own ID unless pure rename,MINOR,rerun mapping/ID/CQ affected tests,deprecatedBy; replacement; migration,obsolete profile construct
SPLIT,One identity is determined to represent multiple meanings.,old ID deprecated; every successor gets new ID,MINOR pre-1.0 / MAJOR after stable 1.x,affected evaluation invalid until rerun,splitInto list + rationale,ambiguous relation split
MERGE,Multiple prior identities become one new identity.,default: new merged ID; predecessors deprecated,MINOR pre-1.0 / MAJOR after stable 1.x,affected evaluation invalid until rerun,mergedFrom list + rationale,two duplicate concepts reconciled
BREAKING_SEMANTIC,"Identity condition, hierarchy, domain/range, entailment or meaning changes incompatibly.",new ID when entity identity changes; same ID only for corrected axiom that preserves identity and is explicitly justified,MINOR pre-1.0 / MAJOR after 1.x,no silent transfer,change rationale + affected claims/tests,Risk category refoundationalization
CONSTRAINT_CHANGE,SHACL/rule/application requirement changes evaluated conformance.,semantic IDs stay if domain meaning unchanged; shape/rule ID/version changes,MINOR/PATCH per compatibility,rerun affected validation/application tests,shape/rule predecessor,new mandatory field
PROJECTION_ONLY,RDB implementation changes without intended ontology semantics change.,ontology IDs unchanged; projection migration gets new ID/version,projection version bump,rerun DB/parity/application tests,migration predecessor,index/schema normalization
